,employee_number,monthly_income,hourly_rate,monthly_rate,daily_rate,percent_salary_hike,percent_salary_hike,stock_option_level,business_travel,over_time
0,162,19537.0,51.0,6462,684.0,0.13,0.13,0,,False
1,259,19999.0,65.0,5678,699.0,0.14,0.14,1,,
2,319,19232.0,58.0,4933,532.0,0.11,0.11,0,rarely,False
5,1900,17174.0,58.0,2437,117.0,0.11,0.11,1,,False
6,81,,99.0,2354,1435.0,0.11,0.11,0,,
7,387,,99.0,24532,635.0,0.25,0.25,0,rarely,False
9,999,,64.0,3735,840.0,0.17,0.17,1,frequently,False
10,1035,19973.0,55.0,20284,247.0,0.22,0.22,2,no,False
13,58,19545.0,49.0,16280,1360.0,0.12,0.12,0,rarely,False
15,558,18041.0,79.0,13022,1398.0,0.14,0.14,0,rarely,False
16,825,19246.0,31.0,25761,286.0,0.12,0.12,0,rarely,True
20,1712,10748.0,74.0,3395,1238.0,0.23,0.23,1,no,
21,73,,98.0,15146,515.0,0.12,0.12,0,,True
23,820,16752.0,33.0,12982,202.0,0.11,0.11,1,,
27,1294,,53.0,2323,429.0,0.11,0.11,0,,True
29,1774,4001.0,87.0,12313,,0.14,0.14,1,no,True
30,1815,10447.0,81.0,26458,,0.13,0.13,1,,
31,1993,,84.0,13084,1180.0,0.23,0.23,0,,
32,32,,58.0,10735,1282.0,0.11,0.11,1,rarely,
33,100,,32.0,23016,776.0,0.14,0.14,0,,False
35,244,,92.0,2137,526.0,0.25,0.25,3,rarely,False
36,327,16064.0,80.0,7744,1034.0,0.22,0.22,1,,
37,373,3210.0,47.0,20251,1403.0,0.11,0.11,1,,
39,729,10475.0,48.0,23772,580.0,0.21,0.21,1,frequently,True
40,830,6162.0,98.0,19124,859.0,0.12,0.12,1,rarely,False
42,981,,,13938,1376.0,0.13,0.13,1,,False
43,1042,,43.0,8269,885.0,0.16,0.16,0,rarely,
44,1080,4615.0,74.0,21029,1003.0,0.23,0.23,3,,True
45,1995,,86.0,7636,1321.0,0.15,0.15,2,rarely,False
46,145,,30.0,25796,,0.2,0.2,0,,
47,158,16959.0,92.0,19494,394.0,0.12,0.12,2,,True
48,391,,42.0,15881,1372.0,0.12,0.12,0,,False
49,436,,65.0,24624,,0.11,0.11,0,rarely,True
51,1527,,51.0,11380,228.0,0.12,0.12,1,,False
53,1866,,81.0,22539,823.0,0.13,0.13,0,,False
54,2026,,57.0,26236,667.0,0.21,0.21,1,no,False
56,107,,79.0,15717,573.0,0.12,0.12,3,,
57,170,,96.0,5549,,0.14,0.14,0,,False
59,215,10855.0,67.0,8552,630.0,0.11,0.11,1,,False
60,304,5914.0,62.0,9945,,0.16,0.16,0,,False
61,529,,72.0,23866,1063.0,0.15,0.15,2,,True
62,691,6646.0,82.0,19368,1017.0,0.13,0.13,0,,
63,692,,,5335,1296.0,0.23,0.23,1,frequently,False
64,1005,13973.0,,4161,939.0,0.18,0.18,1,rarely,True
65,1024,,78.0,22245,1355.0,0.14,0.14,0,rarely,
66,1039,13320.0,53.0,11737,1448.0,0.18,0.18,1,rarely,
67,1225,,32.0,7744,200.0,0.25,0.25,0,rarely,
68,1375,,89.0,13888,1202.0,0.2,0.2,3,,False
72,1661,,41.0,11652,465.0,0.19,0.19,1,,
73,1668,4735.0,90.0,9867,1189.0,0.15,0.15,2,frequently,False
74,1698,,79.0,13637,,0.18,0.18,3,,False
76,1937,,58.0,18115,1394.0,0.16,0.16,1,,
77,2017,,42.0,15471,161.0,0.25,0.25,1,rarely,True
78,117,,99.0,15830,288.0,0.19,0.19,3,,False
79,131,13872.0,37.0,24409,682.0,0.13,0.13,0,rarely,
80,153,,45.0,5615,1354.0,0.12,0.12,0,rarely,
82,307,,76.0,9647,119.0,0.12,0.12,2,,
84,374,19045.0,81.0,18938,452.0,0.14,0.14,0,rarely,
89,524,4306.0,31.0,4156,480.0,0.12,0.12,1,,False
90,569,17046.0,88.0,9314,1099.0,0.15,0.15,1,rarely,False
91,899,,78.0,9129,672.0,0.16,0.16,0,,False
93,1014,,57.0,6975,583.0,0.11,0.11,1,,True
95,1117,,65.0,17970,1050.0,0.13,0.13,1,,
96,1238,,60.0,6311,117.0,0.13,0.13,1,,
98,1277,,94.0,2493,,0.16,0.16,0,,True
100,1541,2308.0,55.0,4944,1440.0,0.25,0.25,1,rarely,True
101,1666,,65.0,3525,1291.0,0.24,0.24,1,rarely,False
102,1696,,57.0,11912,1157.0,0.14,0.14,1,,False
103,1805,,100.0,7129,1336.0,0.13,0.13,3,,False
105,1932,5747.0,86.0,26496,735.0,0.15,0.15,0,,True
106,2016,10422.0,48.0,24032,,0.19,0.19,2,rarely,False
107,20,,51.0,10195,1389.0,0.11,0.11,1,rarely,False
109,184,6347.0,48.0,13982,1240.0,0.19,0.19,0,,True
110,206,2348.0,60.0,10901,194.0,0.18,0.18,1,,False
111,228,,41.0,8053,1339.0,0.12,0.12,1,rarely,False
112,239,3072.0,66.0,11012,111.0,0.11,0.11,2,,False
113,256,,45.0,14074,,0.17,0.17,0,frequently,
115,339,,84.0,23687,470.0,0.13,0.13,1,,
116,406,8020.0,96.0,5100,1232.0,0.15,0.15,2,rarely,
118,429,17068.0,99.0,5355,117.0,0.14,0.14,0,,
120,444,19272.0,54.0,21141,672.0,0.15,0.15,1,,
121,452,,75.0,9278,549.0,0.14,0.14,2,rarely,False
122,456,,30.0,5431,570.0,0.13,0.13,3,rarely,
124,481,,48.0,7246,541.0,0.11,0.11,1,,False
125,513,,61.0,3809,164.0,0.13,0.13,2,rarely,
126,597,,83.0,9873,1117.0,0.23,0.23,0,rarely,False
127,600,,85.0,18659,619.0,0.11,0.11,0,,
129,630,5577.0,78.0,22087,956.0,0.12,0.12,2,rarely,True
130,638,,58.0,2125,1245.0,0.17,0.17,1,,True
131,683,2691.0,42.0,7660,1397.0,0.12,0.12,1,rarely,False
132,780,,63.0,5207,527.0,0.13,0.13,0,rarely,
133,817,,49.0,25995,213.0,0.11,0.11,0,,False
134,901,,72.0,20206,,0.18,0.18,0,rarely,False
135,944,7403.0,51.0,22477,527.0,0.11,0.11,1,rarely,
136,984,,,6812,882.0,0.13,0.13,1,,
137,1088,8823.0,65.0,24608,330.0,0.18,0.18,1,rarely,
138,1124,,,15596,406.0,0.12,0.12,1,,False
140,1167,,44.0,2447,481.0,0.12,0.12,0,frequently,
141,1184,,97.0,25755,669.0,0.2,0.2,0,frequently,False
144,1252,,96.0,17198,1062.0,0.19,0.19,0,rarely,False
145,1267,18213.0,88.0,8751,1099.0,0.11,0.11,1,,False
146,1278,13577.0,37.0,25592,177.0,0.15,0.15,1,no,True
147,1288,19190.0,92.0,17477,1199.0,0.14,0.14,2,rarely,False
149,1307,17123.0,94.0,17334,412.0,0.13,0.13,2,,True
150,1336,19187.0,58.0,6992,282.0,0.14,0.14,1,rarely,
151,1352,,84.0,17588,770.0,0.11,0.11,1,,
152,1360,10008.0,53.0,12023,601.0,0.14,0.14,0,,
154,1419,7988.0,51.0,9769,332.0,0.13,0.13,0,rarely,
155,1478,,81.0,15891,1326.0,0.18,0.18,0,,False
156,1480,,74.0,16458,748.0,0.13,0.13,0,frequently,
158,1489,,40.0,7815,790.0,0.23,0.23,0,rarely,True
159,1520,,87.0,24456,1050.0,0.2,0.2,1,frequently,False
160,1535,7083.0,64.0,12288,971.0,0.14,0.14,0,rarely,
161,1586,4723.0,87.0,16213,1370.0,0.18,0.18,0,,
162,1596,3407.0,46.0,25348,750.0,0.17,0.17,2,rarely,
163,1667,,36.0,10414,880.0,0.24,0.24,0,,
164,1701,2929.0,35.0,20338,678.0,0.12,0.12,0,rarely,False
165,1706,,73.0,6069,1179.0,0.17,0.17,1,,True
168,1971,,30.0,16873,574.0,0.17,0.17,1,rarely,
170,1976,,37.0,14811,,0.12,0.12,0,,
171,1985,,73.0,26849,692.0,0.11,0.11,1,,
172,2032,,72.0,3666,310.0,0.11,0.11,1,,False
173,2056,12031.0,60.0,8828,722.0,0.11,0.11,1,rarely,
176,57,,58.0,10781,721.0,0.23,0.23,0,frequently,
178,78,6162.0,,10877,427.0,0.22,0.22,1,rarely,True
179,104,5126.0,55.0,15998,852.0,0.12,0.12,2,rarely,
180,118,9619.0,64.0,13596,669.0,0.16,0.16,0,,False
181,121,,63.0,19760,1334.0,0.12,0.12,3,rarely,True
182,125,5010.0,87.0,24301,1093.0,0.16,0.16,0,,False
184,207,,43.0,15589,967.0,0.14,0.14,0,,
185,227,,56.0,4609,465.0,0.12,0.12,1,rarely,False
186,253,19033.0,46.0,6499,989.0,0.14,0.14,1,rarely,False
187,264,,65.0,20462,1195.0,0.23,0.23,1,,False
188,291,10400.0,32.0,25812,1045.0,0.11,0.11,0,rarely,False
189,292,,88.0,20925,829.0,0.22,0.22,0,no,False
190,306,,47.0,10056,663.0,0.14,0.14,3,,
192,335,,62.0,24447,1300.0,0.17,0.17,2,,False
194,420,,91.0,16985,906.0,0.14,0.14,1,rarely,
195,421,,81.0,26707,849.0,0.17,0.17,1,,
196,441,,64.0,11934,1275.0,0.13,0.13,2,rarely,False
197,531,19197.0,52.0,8213,1218.0,0.14,0.14,1,,
198,549,,41.0,3854,422.0,0.11,0.11,0,,False
199,567,8412.0,69.0,2890,1398.0,0.11,0.11,0,,
200,581,,,14394,1274.0,0.25,0.25,1,rarely,False
201,702,3348.0,70.0,3164,1076.0,0.11,0.11,0,,True
202,716,,74.0,3297,1207.0,0.11,0.11,3,,True
203,772,5309.0,80.0,21146,430.0,0.15,0.15,2,,False
204,836,,98.0,11806,933.0,0.13,0.13,1,,
205,840,7654.0,43.0,5860,1184.0,0.18,0.18,2,,False
206,844,12808.0,42.0,8842,,0.16,0.16,1,,
208,867,,81.0,19028,890.0,0.22,0.22,0,,False
209,889,,48.0,8891,379.0,0.14,0.14,1,,False
210,924,6586.0,68.0,4821,1425.0,0.17,0.17,1,,
213,976,17099.0,70.0,13829,1053.0,0.15,0.15,1,,
214,992,,38.0,20489,722.0,0.11,0.11,0,no,
215,1002,,42.0,14039,248.0,0.15,0.15,1,no,True
216,1073,,51.0,15669,796.0,0.11,0.11,0,rarely,
217,1138,13120.0,56.0,11879,174.0,0.17,0.17,1,,
219,1192,3131.0,54.0,26342,,0.13,0.13,1,,
220,1196,,56.0,9961,977.0,0.13,0.13,1,,
223,1315,6674.0,55.0,16392,1476.0,0.11,0.11,3,no,False
224,1324,9852.0,57.0,8935,587.0,0.19,0.19,1,no,True
225,1334,17861.0,,26582,495.0,0.13,0.13,0,no,True
226,1346,,98.0,22455,523.0,0.13,0.13,0,rarely,
227,1356,,66.0,23553,507.0,0.12,0.12,0,,
228,1423,,76.0,22456,1055.0,0.21,0.21,1,rarely,
229,1459,7446.0,100.0,8931,1445.0,0.11,0.11,0,frequently,
231,1472,16598.0,39.0,19764,447.0,0.12,0.12,0,,False
232,1485,,71.0,11929,829.0,0.14,0.14,2,,
234,1543,4285.0,47.0,3031,674.0,0.17,0.17,0,,
235,1547,10124.0,40.0,18611,,0.14,0.14,1,frequently,True
236,1553,,66.0,20933,538.0,0.12,0.12,3,,
237,1562,9714.0,64.0,5323,740.0,0.11,0.11,1,rarely,False
238,1582,9924.0,80.0,12355,1245.0,0.11,0.11,1,rarely,
239,1606,11245.0,41.0,20689,1234.0,0.15,0.15,1,,
241,1658,,66.0,19332,1130.0,0.12,0.12,1,rarely,False
242,1665,,91.0,18685,584.0,0.25,0.25,1,rarely,
244,1737,6472.0,77.0,8989,792.0,0.15,0.15,1,,
247,1790,8321.0,90.0,25949,1383.0,0.13,0.13,1,,
249,1823,,92.0,22128,,0.21,0.21,2,rarely,False
251,1857,8578.0,82.0,19989,706.0,0.14,0.14,1,rarely,
252,1864,,36.0,7018,728.0,0.21,0.21,1,rarely,False
253,1881,4197.0,89.0,18624,311.0,0.11,0.11,1,,False
254,1888,,93.0,23888,556.0,0.13,0.13,2,rarely,False
255,1950,9888.0,32.0,6770,937.0,0.21,0.21,0,rarely,False
257,1962,,55.0,13586,1224.0,0.11,0.11,0,,True
258,1975,13341.0,77.0,25098,119.0,0.12,0.12,0,rarely,False
259,1986,5677.0,92.0,4258,444.0,0.14,0.14,1,rarely,False
261,2000,,98.0,17231,,0.18,0.18,2,,False
263,2,,61.0,24907,,0.23,0.23,1,frequently,False
264,5,2909.0,56.0,23159,1392.0,0.11,0.11,0,frequently,
268,35,6825.0,48.0,21173,,0.11,0.11,1,,
269,76,,48.0,9528,655.0,0.22,0.22,1,,False
270,98,4424.0,61.0,20682,746.0,0.23,0.23,0,rarely,False
271,120,5441.0,71.0,8423,632.0,0.22,0.22,0,,
272,147,6074.0,66.0,22887,658.0,0.24,0.24,0,frequently,True
273,154,,92.0,22952,1467.0,0.14,0.14,1,,False
274,159,,96.0,22310,1312.0,0.25,0.25,3,frequently,False
275,160,6146.0,95.0,15480,750.0,0.13,0.13,1,no,
276,163,6172.0,76.0,20739,249.0,0.18,0.18,0,,
277,176,,96.0,21196,802.0,0.13,0.13,1,rarely,True
278,177,,61.0,8916,1355.0,0.23,0.23,1,rarely,
279,195,4668.0,35.0,22812,689.0,0.17,0.17,3,,False
280,202,5605.0,54.0,8504,1395.0,0.11,0.11,1,frequently,False
281,205,,34.0,16047,1436.0,0.2,0.2,1,rarely,True
284,252,,,4673,,0.13,0.13,1,rarely,
285,258,,98.0,7192,313.0,0.18,0.18,0,rarely,
286,260,,99.0,11781,894.0,0.16,0.16,0,rarely,False
287,267,3564.0,65.0,22977,290.0,0.12,0.12,1,,True
289,275,6804.0,92.0,23793,1002.0,0.15,0.15,2,no,True
290,293,,90.0,12916,1242.0,0.14,0.14,0,,
291,302,,57.0,16840,1052.0,0.12,0.12,0,,
292,314,,92.0,9096,944.0,0.14,0.14,0,,False
294,329,,79.0,21030,771.0,0.18,0.18,0,,True
296,361,,39.0,19682,1327.0,0.18,0.18,1,no,False
297,363,,75.0,14977,488.0,0.12,0.12,1,,True
299,376,,88.0,10268,666.0,0.12,0.12,1,no,
300,381,,71.0,19100,1315.0,0.18,0.18,1,,
301,388,,44.0,20260,442.0,0.18,0.18,0,frequently,
302,389,,37.0,15972,147.0,0.19,0.19,1,rarely,
303,401,5828.0,48.0,8450,950.0,0.12,0.12,0,rarely,
304,416,,100.0,12241,218.0,0.11,0.11,1,rarely,
305,430,2455.0,33.0,10675,,0.19,0.19,0,frequently,False
306,438,,73.0,7143,691.0,0.12,0.12,3,rarely,
308,446,4682.0,46.0,4317,,0.14,0.14,0,,False
309,448,5257.0,82.0,6227,559.0,0.11,0.11,1,frequently,False
310,454,2119.0,77.0,4759,318.0,0.11,0.11,0,rarely,
311,458,,56.0,3415,1130.0,0.18,0.18,1,,False
314,476,,57.0,20156,933.0,0.17,0.17,1,rarely,
315,483,,46.0,22495,1171.0,0.13,0.13,1,rarely,True
316,488,,56.0,9558,143.0,0.18,0.18,0,,False
317,500,,87.0,14862,1178.0,0.11,0.11,1,rarely,False
320,534,8392.0,49.0,19566,645.0,0.16,0.16,1,rarely,
323,586,,72.0,14295,1276.0,0.12,0.12,0,rarely,True
324,595,4051.0,37.0,19658,163.0,0.14,0.14,1,rarely,False
326,608,2741.0,58.0,22808,426.0,0.11,0.11,1,frequently,True
327,616,,62.0,2112,509.0,0.17,0.17,0,,True
328,621,5337.0,74.0,19921,258.0,0.12,0.12,0,,
329,653,,66.0,6219,525.0,0.22,0.22,2,rarely,False
330,663,,72.0,19627,,0.13,0.13,1,frequently,
331,682,,34.0,7507,238.0,0.2,0.2,0,,
335,710,,76.0,18959,806.0,0.18,0.18,1,,
336,717,,46.0,17654,1442.0,0.14,0.14,0,,
337,721,,80.0,20978,408.0,0.11,0.11,0,,False
338,722,5396.0,55.0,21703,929.0,0.12,0.12,0,,
339,724,,33.0,19383,827.0,0.13,0.13,0,rarely,
340,725,,,6009,,0.11,0.11,0,rarely,
342,728,4960.0,42.0,11825,703.0,0.12,0.12,0,,
343,733,8793.0,32.0,4809,294.0,0.21,0.21,2,frequently,False
344,734,19189.0,59.0,19562,314.0,0.12,0.12,1,,False
346,742,11713.0,63.0,20335,427.0,0.14,0.14,1,,
347,747,5304.0,99.0,25275,501.0,0.23,0.23,1,,False
348,762,11103.0,81.0,20420,,0.11,0.11,0,rarely,False
349,783,6632.0,46.0,12388,954.0,0.13,0.13,0,rarely,False
350,789,7587.0,76.0,14229,1434.0,0.15,0.15,0,no,
351,793,4335.0,66.0,25549,657.0,0.12,0.12,1,,False
352,803,5980.0,75.0,26085,240.0,0.12,0.12,0,,
354,809,,66.0,16225,570.0,0.13,0.13,1,frequently,False
355,823,5228.0,35.0,23361,676.0,0.15,0.15,1,rarely,
357,842,,37.0,21519,436.0,0.16,0.16,0,,
360,913,,61.0,7508,661.0,0.13,0.13,0,,True
361,927,,57.0,17725,1085.0,0.13,0.13,1,,True
362,941,2329.0,41.0,11737,154.0,0.15,0.15,0,rarely,
363,956,4294.0,52.0,11148,1283.0,0.12,0.12,0,frequently,
365,966,6725.0,93.0,13554,498.0,0.12,0.12,1,,
366,967,10325.0,51.0,5518,530.0,0.11,0.11,1,rarely,
367,972,4447.0,57.0,23163,805.0,0.12,0.12,0,no,
369,990,,84.0,25952,1229.0,0.13,0.13,2,no,False
371,1013,,56.0,13943,1441.0,0.11,0.11,1,rarely,
372,1015,,73.0,17802,153.0,0.12,0.12,3,rarely,True
373,1018,5472.0,32.0,3334,1066.0,0.12,0.12,0,,
374,1034,6385.0,62.0,12992,135.0,0.14,0.14,2,frequently,
376,1046,,69.0,11135,1109.0,0.12,0.12,0,no,False
377,1050,7525.0,38.0,23537,124.0,0.12,0.12,1,frequently,
379,1074,,40.0,17323,444.0,0.15,0.15,0,,False
380,1082,,72.0,12355,1366.0,0.12,0.12,0,no,False
381,1097,3660.0,59.0,7909,857.0,0.13,0.13,0,rarely,False
382,1100,,86.0,10333,1204.0,0.22,0.22,0,,
383,1101,,54.0,3129,827.0,0.22,0.22,0,frequently,False
384,1106,,32.0,4605,1219.0,0.15,0.15,1,,
385,1119,8740.0,,5569,770.0,0.14,0.14,2,,True
387,1126,,83.0,11535,1082.0,0.11,0.11,1,frequently,False
389,1128,,44.0,17544,1308.0,0.14,0.14,0,rarely,False
392,1177,,82.0,13421,1384.0,0.22,0.22,1,rarely,
393,1182,,44.0,19588,819.0,0.18,0.18,1,rarely,False
394,1201,,50.0,18640,1223.0,0.18,0.18,1,,False
395,1218,,94.0,21026,1361.0,0.15,0.15,3,,
396,1220,,,4905,1146.0,0.12,0.12,1,,False
398,1224,3491.0,49.0,11309,853.0,0.13,0.13,3,rarely,
400,1235,,38.0,2338,1316.0,0.14,0.14,0,,True
401,1237,10252.0,,4235,363.0,0.21,0.21,1,,True
403,1255,19740.0,96.0,18625,920.0,0.14,0.14,1,,False
404,1264,,,3423,694.0,0.14,0.14,2,rarely,False
405,1283,,67.0,20002,1429.0,0.12,0.12,0,,False
406,1293,,56.0,20364,531.0,0.14,0.14,0,rarely,False
407,1295,,73.0,14075,621.0,0.11,0.11,1,rarely,
412,1322,4534.0,32.0,13352,524.0,0.11,0.11,0,rarely,
413,1344,8500.0,86.0,5494,943.0,0.11,0.11,1,,
414,1355,,31.0,19461,1009.0,0.15,0.15,1,,
415,1362,4639.0,83.0,2261,607.0,0.16,0.16,1,frequently,False
416,1369,5363.0,60.0,10846,817.0,0.12,0.12,1,,False
418,1377,,86.0,17491,,0.13,0.13,2,,
419,1402,4081.0,73.0,20003,930.0,0.14,0.14,0,,True
420,1408,,31.0,16616,1147.0,0.14,0.14,1,rarely,
421,1417,3578.0,100.0,23577,652.0,0.12,0.12,0,rarely,False
422,1421,,84.0,22930,337.0,0.12,0.12,0,,True
423,1422,17328.0,54.0,5652,971.0,0.19,0.19,0,,
424,1424,,81.0,12414,1136.0,0.13,0.13,2,,False
427,1457,,52.0,15986,377.0,0.11,0.11,1,,False
428,1460,10851.0,95.0,19863,1038.0,0.18,0.18,1,rarely,True
429,1484,10466.0,35.0,20948,1490.0,0.14,0.14,2,rarely,
430,1497,,77.0,23757,1246.0,0.14,0.14,2,rarely,
431,1522,2362.0,100.0,7568,224.0,0.13,0.13,0,,False
432,1544,,39.0,7288,441.0,0.13,0.13,1,,False
435,1572,,78.0,14618,607.0,0.16,0.16,1,,
436,1608,,31.0,3549,1313.0,0.14,0.14,1,,True
437,1611,5769.0,50.0,23447,1015.0,0.14,0.14,0,,
438,1612,4385.0,52.0,24162,,0.15,0.15,1,no,
439,1615,,42.0,17000,426.0,0.13,0.13,1,frequently,
441,1619,4066.0,,16290,1302.0,0.11,0.11,2,,False
442,1635,,59.0,5388,1329.0,0.19,0.19,2,rarely,
443,1642,,37.0,10503,602.0,0.11,0.11,0,,True
444,1653,5206.0,77.0,4973,772.0,0.17,0.17,2,,
446,1691,2655.0,95.0,11740,,0.11,0.11,2,frequently,
447,1693,2570.0,76.0,11925,786.0,0.2,0.2,0,,False
448,1703,,96.0,14810,921.0,0.19,0.19,1,rarely,
450,1727,,34.0,9697,717.0,0.14,0.14,0,,False
451,1728,,49.0,5151,1370.0,0.16,0.16,1,,
452,1745,4968.0,78.0,26427,1312.0,0.16,0.16,0,frequently,
453,1754,,94.0,3088,979.0,0.11,0.11,1,,False
454,1756,5147.0,62.0,10697,1283.0,0.15,0.15,0,no,False
455,1764,2718.0,65.0,17674,953.0,0.14,0.14,0,,False
456,1778,3539.0,97.0,5033,244.0,0.13,0.13,0,rarely,False
458,1797,5813.0,84.0,13492,303.0,0.18,0.18,0,,
459,1804,,90.0,24442,1180.0,0.14,0.14,1,no,False
460,1816,9667.0,64.0,2739,1092.0,0.14,0.14,0,,False
461,1821,,66.0,10842,261.0,0.22,0.22,1,rarely,False
463,1849,5675.0,92.0,19246,1422.0,0.2,0.2,1,frequently,
464,1869,7314.0,64.0,14011,,0.21,0.21,3,,
466,1898,,89.0,26997,511.0,0.14,0.14,0,rarely,False
467,1911,,83.0,14842,1396.0,0.13,0.13,1,,False
469,1927,,42.0,19255,,0.12,0.12,1,frequently,
470,1934,,64.0,2125,1169.0,0.18,0.18,1,,
471,1951,,39.0,22914,1239.0,0.18,0.18,1,rarely,False
472,1952,,95.0,20006,157.0,0.13,0.13,0,,False
473,1965,,44.0,5099,954.0,0.14,0.14,0,rarely,
474,1967,,63.0,21075,754.0,0.11,0.11,0,frequently,True
476,1979,,40.0,26862,697.0,0.2,0.2,1,,False
477,2008,5098.0,48.0,18698,1395.0,0.19,0.19,0,,False
478,2009,,95.0,21653,501.0,0.13,0.13,1,rarely,True
479,2014,,52.0,5340,116.0,0.13,0.13,0,rarely,False
481,2034,13570.0,60.0,5640,582.0,0.23,0.23,1,rarely,False
482,2035,6712.0,95.0,8978,704.0,0.21,0.21,2,,False
484,2062,9991.0,42.0,21457,613.0,0.15,0.15,1,rarely,
485,28,,53.0,21293,419.0,0.11,0.11,0,rarely,False
487,62,,98.0,20445,1211.0,0.21,0.21,0,,
488,199,,91.0,12888,857.0,0.13,0.13,1,frequently,
489,343,10938.0,64.0,6420,505.0,0.25,0.25,0,,False
490,351,2593.0,56.0,8007,269.0,0.11,0.11,1,rarely,True
491,428,11878.0,74.0,23364,553.0,0.11,0.11,2,frequently,
492,464,8095.0,62.0,18264,1296.0,0.13,0.13,0,rarely,False
495,731,,73.0,8861,427.0,0.15,0.15,3,rarely,False
496,764,,55.0,23398,975.0,0.19,0.19,0,,False
498,851,,66.0,5594,1318.0,0.14,0.14,1,rarely,False
499,903,4537.0,35.0,17783,249.0,0.22,0.22,1,rarely,
500,905,17924.0,98.0,4544,881.0,0.11,0.11,1,no,
501,942,4014.0,51.0,19170,1137.0,0.25,0.25,1,rarely,
502,1026,12742.0,65.0,7060,466.0,0.16,0.16,1,rarely,False
504,1085,3376.0,43.0,18863,509.0,0.13,0.13,0,,False
506,1109,,35.0,14399,469.0,0.17,0.17,1,,False
507,1118,,87.0,15322,994.0,0.19,0.19,0,rarely,
508,1152,,37.0,6004,433.0,0.13,0.13,1,,False
510,1350,4249.0,87.0,2690,482.0,0.11,0.11,0,,
511,1514,6549.0,96.0,3173,1083.0,0.14,0.14,2,rarely,
512,1523,,32.0,22074,136.0,0.13,0.13,1,,False
513,1539,14411.0,88.0,24450,333.0,0.13,0.13,0,,
515,1588,8237.0,38.0,4658,1462.0,0.11,0.11,1,,False
516,1617,3211.0,84.0,22102,722.0,0.14,0.14,1,,
517,1719,16704.0,48.0,17119,,0.11,0.11,0,,
519,1870,4774.0,77.0,23844,1131.0,0.19,0.19,1,,False
520,2031,,56.0,17312,300.0,0.11,0.11,0,rarely,
521,2065,,63.0,13243,1023.0,0.14,0.14,0,,
522,15,,49.0,12682,153.0,0.12,0.12,0,rarely,True
523,60,4568.0,72.0,10034,1065.0,0.2,0.2,0,no,False
525,85,6499.0,95.0,22656,1195.0,0.13,0.13,0,,False
527,346,,60.0,22673,665.0,0.19,0.19,0,rarely,False
528,384,6397.0,84.0,26767,1479.0,0.2,0.2,1,,False
529,498,,92.0,20750,304.0,0.16,0.16,0,,False
530,551,,,4386,1368.0,0.11,0.11,3,frequently,False
531,604,,77.0,8346,828.0,0.13,0.13,0,rarely,True
533,626,,69.0,24666,142.0,0.13,0.13,1,no,False
536,644,,99.0,7999,1246.0,0.11,0.11,1,,False
537,649,3622.0,83.0,22794,254.0,0.13,0.13,1,,True
538,714,,71.0,16673,1410.0,0.2,0.2,2,frequently,
539,781,6180.0,32.0,22807,883.0,0.23,0.23,0,,False
541,804,4381.0,86.0,7530,121.0,0.11,0.11,0,,
543,856,2559.0,53.0,17852,1343.0,0.11,0.11,0,,
544,998,5488.0,84.0,20161,827.0,0.13,0.13,1,,True
545,1120,2514.0,93.0,26968,1107.0,0.22,0.22,1,,False
546,1143,,61.0,17940,490.0,0.14,0.14,2,frequently,False
550,1251,,80.0,17089,1332.0,0.12,0.12,0,rarely,True
552,1438,3420.0,74.0,10205,465.0,0.12,0.12,1,rarely,False
554,1574,4087.0,,25174,1200.0,0.14,0.14,1,,
555,1671,,45.0,25518,977.0,0.13,0.13,2,,False
560,94,,76.0,4956,1328.0,0.23,0.23,1,rarely,False
563,112,,,21698,,0.11,0.11,0,,False
564,129,4221.0,43.0,8863,120.0,0.15,0.15,0,,
565,142,,46.0,26959,240.0,0.11,0.11,0,rarely,True
566,161,4963.0,72.0,4510,441.0,0.18,0.18,3,,
567,164,,46.0,23300,841.0,0.19,0.19,0,,
568,190,4200.0,41.0,10224,1033.0,0.22,0.22,0,,False
569,194,,75.0,23910,,0.14,0.14,0,rarely,False
570,226,,53.0,17053,1452.0,0.15,0.15,0,rarely,
571,231,,43.0,12430,120.0,0.2,0.2,0,,False
572,240,5006.0,30.0,6319,1268.0,0.11,0.11,1,rarely,
573,262,,37.0,5228,,0.14,0.14,3,,False
574,283,7639.0,35.0,24525,121.0,0.22,0.22,3,,
575,308,,90.0,4381,,0.12,0.12,1,no,
576,325,,58.0,22149,813.0,0.13,0.13,1,,True
577,355,,71.0,11652,307.0,0.11,0.11,0,,False
578,378,6502.0,,22825,228.0,0.14,0.14,1,,False
582,449,6349.0,73.0,22107,210.0,0.13,0.13,1,no,True
583,466,,,10110,483.0,0.15,0.15,0,rarely,True
584,486,,98.0,17663,921.0,0.2,0.2,1,rarely,False
585,492,6380.0,68.0,6110,575.0,0.12,0.12,2,,True
586,505,,97.0,23258,1311.0,0.13,0.13,0,,True
587,510,3102.0,73.0,6582,575.0,0.22,0.22,0,frequently,
589,527,,99.0,12090,891.0,0.11,0.11,0,,True
592,547,4556.0,92.0,12932,532.0,0.11,0.11,1,frequently,False
593,548,,43.0,24793,317.0,0.2,0.2,0,rarely,False
594,577,4230.0,46.0,19225,144.0,0.15,0.15,0,rarely,False
598,679,6322.0,92.0,18089,646.0,0.12,0.12,1,rarely,
599,785,,77.0,10339,719.0,0.12,0.12,0,,True
600,861,,,2373,1012.0,0.12,0.12,1,frequently,False
601,864,10761.0,74.0,19239,930.0,0.12,0.12,1,,True
602,878,,77.0,8635,1278.0,0.21,0.21,0,rarely,
603,895,,48.0,14871,1222.0,0.19,0.19,1,,
604,900,2973.0,54.0,21222,1231.0,0.15,0.15,1,frequently,
606,936,,68.0,7824,462.0,0.17,0.17,0,,
608,997,17399.0,66.0,6615,,0.22,0.22,1,,False
609,1048,,66.0,11038,1089.0,0.14,0.14,1,rarely,True
611,1071,,63.0,12154,1240.0,0.19,0.19,1,,False
612,1116,16885.0,35.0,16154,1262.0,0.22,0.22,0,,False
613,1132,,70.0,8770,439.0,0.15,0.15,0,,False
615,1171,5155.0,45.0,2253,647.0,0.13,0.13,0,rarely,False
616,1200,2936.0,96.0,10826,1097.0,0.11,0.11,0,,True
617,1202,,69.0,26933,942.0,0.18,0.18,1,rarely,True
619,1245,,53.0,9659,966.0,0.17,0.17,1,frequently,False
620,1280,18789.0,33.0,9946,168.0,0.14,0.14,1,,
622,1309,4883.0,79.0,22845,1089.0,0.18,0.18,1,rarely,
624,1374,2029.0,92.0,15891,999.0,0.2,0.2,3,no,False
625,1390,,44.0,3567,1498.0,0.12,0.12,2,rarely,
627,1395,,61.0,19293,1111.0,0.13,0.13,0,,
628,1397,,71.0,3449,1485.0,0.21,0.21,1,no,False
629,1409,,54.0,17363,258.0,0.13,0.13,0,rarely,False
630,1425,9278.0,99.0,20763,1174.0,0.16,0.16,0,,True
631,1435,,,22604,172.0,0.16,0.16,0,,
632,1445,4162.0,42.0,15211,,0.12,0.12,2,rarely,True
634,1469,,,23490,866.0,0.18,0.18,0,,
636,1503,,,24200,571.0,0.17,0.17,1,rarely,
637,1534,,86.0,21831,676.0,0.14,0.14,0,,
638,1546,,97.0,4585,950.0,0.2,0.2,1,rarely,False
639,1548,,47.0,19345,1342.0,0.12,0.12,0,rarely,
641,1598,,84.0,11262,118.0,0.15,0.15,1,,False
642,1599,4876.0,87.0,5855,990.0,0.12,0.12,1,,
643,1609,2141.0,48.0,5348,241.0,0.12,0.12,1,,False
644,1638,7756.0,54.0,14199,,0.19,0.19,1,,
645,1640,3936.0,71.0,9953,1470.0,0.11,0.11,1,rarely,
647,1664,6842.0,79.0,26308,1040.0,0.2,0.2,1,rarely,False
648,1684,3989.0,93.0,20586,1320.0,0.11,0.11,0,rarely,
649,1704,4930.0,79.0,13970,146.0,0.14,0.14,0,,True
650,1736,,30.0,6670,163.0,0.2,0.2,0,frequently,
651,1782,3702.0,40.0,16376,1153.0,0.11,0.11,1,rarely,False
652,1826,2705.0,91.0,9696,185.0,0.16,0.16,1,,
654,1850,2379.0,,19826,1297.0,0.14,0.14,0,frequently,True
655,1909,,54.0,26841,337.0,0.21,0.21,1,,False
656,1924,5487.0,43.0,10410,217.0,0.14,0.14,0,rarely,False
657,1941,,42.0,13738,1064.0,0.15,0.15,0,,False
658,1949,2810.0,66.0,9238,1351.0,0.22,0.22,0,no,False
662,27,,82.0,6986,1218.0,0.23,0.23,0,rarely,False
663,46,,72.0,21923,1273.0,0.12,0.12,2,rarely,False
664,52,,42.0,3193,1141.0,0.19,0.19,2,frequently,False
665,68,5454.0,75.0,4009,1488.0,0.21,0.21,1,,
666,79,,50.0,5456,653.0,0.11,0.11,0,,False
667,80,18740.0,43.0,16701,989.0,0.12,0.12,1,,
668,91,5473.0,57.0,24668,1225.0,0.11,0.11,0,frequently,False
669,119,13503.0,78.0,14115,530.0,0.22,0.22,1,frequently,False
670,126,13549.0,60.0,24001,1217.0,0.12,0.12,1,rarely,False
672,148,,,13871,142.0,0.12,0.12,0,no,
673,150,2774.0,52.0,13257,1127.0,0.12,0.12,1,,False
675,198,,35.0,11162,1427.0,0.13,0.13,0,rarely,False
676,216,,75.0,11314,303.0,0.18,0.18,1,frequently,False
678,230,,,12930,702.0,0.22,0.22,0,rarely,
680,270,5265.0,36.0,16439,926.0,0.16,0.16,1,,
681,277,3815.0,43.0,5972,878.0,0.17,0.17,1,,True
682,299,,52.0,22967,334.0,0.15,0.15,0,,
683,315,2389.0,86.0,14961,896.0,0.13,0.13,0,rarely,
684,330,,56.0,20990,1401.0,0.11,0.11,1,,False
685,369,4000.0,85.0,18384,675.0,0.12,0.12,2,,False
686,386,17584.0,45.0,21016,1070.0,0.16,0.16,3,,True
687,390,,60.0,22722,496.0,0.13,0.13,1,,
689,412,5661.0,68.0,4824,1476.0,0.19,0.19,0,rarely,
690,422,,32.0,17056,390.0,0.13,0.13,1,,True
691,434,,85.0,20938,1220.0,0.12,0.12,0,rarely,
692,450,4869.0,31.0,16885,928.0,0.12,0.12,0,frequently,
694,469,4649.0,61.0,16928,746.0,0.14,0.14,1,no,
695,491,10496.0,100.0,2755,1046.0,0.15,0.15,0,rarely,False
696,554,,62.0,21972,1448.0,0.16,0.16,0,rarely,True
698,579,2768.0,62.0,8416,1303.0,0.12,0.12,1,,
700,592,,32.0,15318,635.0,0.14,0.14,0,no,
701,599,,,13430,267.0,0.14,0.14,0,no,False
703,641,,66.0,7428,703.0,0.2,0.2,2,rarely,
705,655,2187.0,66.0,5013,798.0,0.12,0.12,2,,False
706,667,,85.0,16346,1420.0,0.11,0.11,1,rarely,False
708,758,,37.0,4344,650.0,0.14,0.14,1,rarely,False
709,760,,44.0,18767,141.0,0.15,0.15,1,rarely,
710,791,4258.0,41.0,26589,715.0,0.18,0.18,1,no,False
711,796,5326.0,,3064,,0.17,0.17,0,,False
712,799,5485.0,,22670,376.0,0.11,0.11,2,,True
714,815,17639.0,64.0,6881,691.0,0.16,0.16,0,rarely,
715,827,6062.0,43.0,4051,932.0,0.13,0.13,1,,
718,865,,91.0,22162,638.0,0.12,0.12,1,,
720,894,,95.0,23726,1265.0,0.13,0.13,1,,True
723,983,5666.0,85.0,19899,152.0,0.13,0.13,0,no,True
724,996,,91.0,11005,974.0,0.14,0.14,2,rarely,False
725,1011,,,11275,853.0,0.12,0.12,1,frequently,False
726,1019,,94.0,6881,217.0,0.15,0.15,1,,
727,1032,13726.0,69.0,21829,715.0,0.13,0.13,0,rarely,
728,1045,,90.0,5404,1234.0,0.13,0.13,1,,False
729,1049,,36.0,8318,788.0,0.16,0.16,0,rarely,False
731,1068,,66.0,25265,921.0,0.13,0.13,2,,False
733,1136,,67.0,19911,,0.17,0.17,0,,False
735,1179,,72.0,2706,852.0,0.18,0.18,1,rarely,False
736,1188,,85.0,9489,1372.0,0.13,0.13,0,,False
737,1211,4115.0,61.0,13192,1329.0,0.19,0.19,3,rarely,
738,1228,,60.0,17433,150.0,0.11,0.11,1,rarely,
739,1231,6272.0,79.0,12858,,0.16,0.16,1,no,False
741,1259,2517.0,76.0,3208,1167.0,0.11,0.11,3,,
742,1338,,99.0,4022,206.0,0.14,0.14,0,rarely,False
743,1349,,66.0,4297,,0.17,0.17,1,frequently,
744,1387,,48.0,24232,736.0,0.11,0.11,1,,
745,1401,,59.0,9731,322.0,0.11,0.11,1,frequently,
746,1407,3904.0,36.0,4050,683.0,0.12,0.12,0,rarely,False
747,1420,,97.0,22710,1475.0,0.2,0.2,0,frequently,False
748,1431,,91.0,20284,560.0,0.14,0.14,2,frequently,
749,1446,9204.0,97.0,23343,,0.12,0.12,1,,
750,1477,4373.0,54.0,17456,,0.14,0.14,2,,False
751,1487,,51.0,17485,115.0,0.11,0.11,0,,False
752,1499,2064.0,46.0,15428,,0.21,0.21,1,,
753,1533,,97.0,24812,507.0,0.14,0.14,0,,False
754,1545,,44.0,24152,575.0,0.13,0.13,0,,False
755,1554,2430.0,98.0,26204,,0.23,0.23,2,,
756,1563,,71.0,14814,888.0,0.11,0.11,0,frequently,False
757,1622,4877.0,39.0,20460,580.0,0.21,0.21,1,,
758,1631,,85.0,26493,671.0,0.17,0.17,3,,False
759,1646,3760.0,32.0,17218,567.0,0.13,0.13,0,,
760,1659,2013.0,77.0,10950,311.0,0.11,0.11,0,,
762,1689,,48.0,3458,1395.0,0.15,0.15,0,rarely,False
763,1700,,31.0,7677,1278.0,0.14,0.14,2,frequently,
766,1739,,80.0,3840,371.0,0.13,0.13,1,rarely,False
767,1768,2766.0,57.0,8952,855.0,0.22,0.22,3,rarely,False
768,1772,,94.0,20520,548.0,0.2,0.2,2,,False
769,1792,,99.0,11092,429.0,0.12,0.12,3,,True
771,1800,,65.0,7914,1253.0,0.21,0.21,0,,
774,1822,6513.0,52.0,9060,1194.0,0.17,0.17,1,,
776,1854,,38.0,6161,355.0,0.22,0.22,2,,False
777,1882,,64.0,24444,1480.0,0.13,0.13,3,rarely,True
778,1885,4284.0,78.0,13588,783.0,0.22,0.22,1,rarely,
779,1931,2226.0,41.0,6073,1354.0,0.11,0.11,1,,False
780,1945,5561.0,71.0,15975,682.0,0.16,0.16,1,rarely,
781,1947,2144.0,49.0,2122,1103.0,0.14,0.14,0,no,False
782,1954,5373.0,89.0,6225,136.0,0.12,0.12,1,,False
783,1969,2897.0,67.0,22474,155.0,0.11,0.11,2,,False
784,1981,,45.0,14120,771.0,0.12,0.12,0,rarely,False
785,1997,5321.0,72.0,14284,508.0,0.11,0.11,1,frequently,False
786,1998,5410.0,35.0,11189,557.0,0.17,0.17,1,,
787,1999,2782.0,76.0,21412,642.0,0.22,0.22,1,,False
788,2018,,85.0,13684,1382.0,0.22,0.22,1,rarely,True
790,2044,,94.0,14255,878.0,0.12,0.12,2,,False
792,2046,4850.0,50.0,23333,374.0,0.15,0.15,0,,False
794,2052,,62.0,8952,287.0,0.12,0.12,1,rarely,False
795,2053,,46.0,23679,,0.13,0.13,1,rarely,
796,2068,4404.0,82.0,10228,,0.12,0.12,0,,False
797,7,,40.0,16632,591.0,0.12,0.12,1,rarely,False
798,16,,,15170,670.0,0.17,0.17,1,,
799,18,,93.0,8758,1346.0,0.11,0.11,1,rarely,
800,19,,50.0,12947,103.0,0.14,0.14,0,rarely,True
801,21,,80.0,15053,334.0,0.12,0.12,2,rarely,True
802,24,3944.0,45.0,4306,371.0,0.11,0.11,0,,True
803,26,,96.0,8232,673.0,0.18,0.18,1,,False
804,31,2960.0,83.0,17102,699.0,0.11,0.11,0,,False
805,33,,72.0,4681,,0.22,0.22,0,frequently,
806,38,18947.0,83.0,22822,705.0,0.12,0.12,0,rarely,
807,40,6465.0,41.0,19121,1459.0,0.13,0.13,0,,
808,47,2683.0,86.0,3810,,0.14,0.14,0,rarely,
809,49,2014.0,97.0,9687,890.0,0.13,0.13,0,,False
810,65,3441.0,50.0,11179,1434.0,0.13,0.13,0,,True
811,72,,47.0,21436,1443.0,0.19,0.19,1,,True
813,88,,79.0,5868,664.0,0.13,0.13,1,,False
814,102,13664.0,30.0,25258,397.0,0.13,0.13,0,rarely,
815,103,5021.0,80.0,10425,,0.22,0.22,1,rarely,True
816,110,,94.0,17736,1153.0,0.15,0.15,0,rarely,False
817,116,,96.0,18725,432.0,0.23,0.23,2,rarely,
818,128,,33.0,17519,1353.0,0.21,0.21,1,rarely,False
819,132,,,25043,489.0,0.12,0.12,1,,
820,133,,63.0,23648,807.0,0.22,0.22,0,rarely,
822,143,,,26897,1280.0,0.11,0.11,2,,False
823,171,4739.0,72.0,16090,957.0,0.12,0.12,0,,
825,175,,71.0,24788,542.0,0.11,0.11,1,rarely,True
826,178,,84.0,2819,216.0,0.2,0.2,2,,False
827,179,10650.0,53.0,25150,1150.0,0.15,0.15,0,frequently,
829,193,4317.0,32.0,2302,364.0,0.2,0.2,0,rarely,True
830,197,,84.0,10415,201.0,0.14,0.14,1,rarely,False
832,218,2024.0,57.0,5970,691.0,0.18,0.18,1,no,
833,221,,42.0,6672,440.0,0.11,0.11,1,,False
834,233,3058.0,51.0,13364,1157.0,0.16,0.16,1,,
835,241,,67.0,13939,713.0,0.18,0.18,1,rarely,
836,245,,75.0,6319,,0.12,0.12,0,rarely,
837,246,3929.0,95.0,6984,140.0,0.23,0.23,1,rarely,
838,247,,95.0,5711,629.0,0.15,0.15,0,rarely,False
839,249,,86.0,3425,328.0,0.15,0.15,1,,
840,250,,,26250,1084.0,0.11,0.11,2,,False
841,269,4425.0,37.0,15986,,0.11,0.11,0,frequently,
845,287,,63.0,14242,1151.0,0.14,0.14,1,,False
846,288,,,12368,644.0,0.16,0.16,1,,False
847,297,2657.0,88.0,8556,1005.0,0.11,0.11,0,,True
849,303,5940.0,52.0,17011,1147.0,0.14,0.14,1,,
850,305,2622.0,47.0,13248,147.0,0.21,0.21,0,rarely,
851,316,3212.0,89.0,3300,1323.0,0.15,0.15,0,rarely,
854,332,,96.0,15417,1431.0,0.14,0.14,3,,False
856,337,,73.0,13523,1327.0,0.12,0.12,1,,False
857,338,2911.0,63.0,14776,832.0,0.13,0.13,1,rarely,
858,341,,77.0,5118,1199.0,0.17,0.17,1,,
859,347,,82.0,23016,916.0,0.13,0.13,0,,True
860,349,6931.0,45.0,10732,1247.0,0.14,0.14,1,,False
861,350,,62.0,7505,685.0,0.12,0.12,2,rarely,False
862,362,2176.0,84.0,19737,128.0,0.13,0.13,0,,False
864,379,3230.0,100.0,10531,996.0,0.17,0.17,0,rarely,False
865,380,,80.0,11677,728.0,0.18,0.18,2,no,True
866,393,,82.0,18899,688.0,0.14,0.14,1,rarely,
867,394,,45.0,14180,1449.0,0.13,0.13,1,rarely,True
868,396,18665.0,,25594,636.0,0.11,0.11,0,,True
870,403,,53.0,11411,889.0,0.12,0.12,3,frequently,
871,423,,86.0,10077,691.0,0.12,0.12,1,rarely,
872,424,6410.0,62.0,17822,106.0,0.12,0.12,0,rarely,False
874,433,4941.0,85.0,17747,723.0,0.15,0.15,0,,False
875,440,,84.0,24737,1157.0,0.13,0.13,0,,True
876,447,,42.0,16375,1482.0,0.11,0.11,1,rarely,
877,455,3983.0,30.0,7621,738.0,0.17,0.17,0,,False
878,460,6347.0,61.0,23177,1192.0,0.16,0.16,2,,False
879,465,2904.0,83.0,16092,1309.0,0.12,0.12,2,,
880,470,2696.0,52.0,24017,544.0,0.11,0.11,1,rarely,True
881,475,,85.0,6069,641.0,0.12,0.12,1,,
882,478,2174.0,99.0,9150,756.0,0.11,0.11,0,,
883,482,6755.0,88.0,2967,593.0,0.11,0.11,0,rarely,False
886,495,,54.0,18168,1283.0,0.16,0.16,0,,False
889,501,2543.0,96.0,11868,329.0,0.13,0.13,1,rarely,False
890,502,5304.0,67.0,4652,1362.0,0.13,0.13,0,no,True
891,507,,77.0,5915,1371.0,0.12,0.12,1,,True
892,517,,,20490,201.0,0.16,0.16,1,,False
893,522,19406.0,86.0,8509,821.0,0.11,0.11,1,,
894,523,6538.0,72.0,12740,1381.0,0.15,0.15,1,,False
895,525,2258.0,61.0,15238,313.0,0.2,0.2,1,,
896,526,,74.0,2227,1473.0,0.14,0.14,0,rarely,True
897,530,2218.0,98.0,16193,329.0,0.12,0.12,1,rarely,False
899,544,2654.0,69.0,9655,192.0,0.21,0.21,2,,False
901,555,,33.0,12253,296.0,0.16,0.16,1,frequently,False
903,564,11935.0,93.0,21526,986.0,0.18,0.18,0,,False
906,580,,94.0,11563,1125.0,0.19,0.19,1,,
907,585,,57.0,18398,413.0,0.14,0.14,0,rarely,
909,591,,97.0,9260,1474.0,0.17,0.17,1,,False
910,593,3894.0,99.0,9129,1368.0,0.16,0.16,0,,False
911,611,4262.0,34.0,22645,232.0,0.12,0.12,2,rarely,False
912,624,10527.0,86.0,8984,1034.0,0.11,0.11,0,frequently,False
913,631,,,23914,1474.0,0.12,0.12,0,,
914,632,2400.0,38.0,5530,,0.13,0.13,2,,False
915,652,3681.0,54.0,14004,538.0,0.14,0.14,0,rarely,False
916,659,,81.0,5718,622.0,0.13,0.13,2,,False
917,664,,40.0,17997,1236.0,0.11,0.11,1,rarely,False
918,665,,50.0,26894,1112.0,0.11,0.11,0,rarely,False
919,666,,31.0,2912,204.0,0.18,0.18,2,,True
921,671,19513.0,35.0,9358,1315.0,0.12,0.12,1,rarely,
922,675,,69.0,12145,,0.2,0.2,0,rarely,
923,686,2659.0,71.0,17759,991.0,0.13,0.13,1,rarely,True
924,699,8847.0,48.0,13934,913.0,0.11,0.11,1,,True
926,705,,58.0,8544,885.0,0.16,0.16,1,rarely,
927,707,4851.0,57.0,15678,810.0,0.22,0.22,1,,False
928,712,8120.0,56.0,18597,817.0,0.12,0.12,0,,
930,732,5405.0,84.0,11924,1179.0,0.14,0.14,0,rarely,False
931,738,,54.0,9983,316.0,0.15,0.15,1,,False
932,744,3708.0,49.0,2104,381.0,0.14,0.14,0,no,
933,746,13770.0,49.0,10225,217.0,0.12,0.12,2,frequently,True
934,752,,57.0,20366,933.0,0.12,0.12,0,,
935,754,,47.0,23683,775.0,0.18,0.18,1,frequently,
938,769,2450.0,86.0,10919,346.0,0.17,0.17,0,,
941,792,,71.0,5288,575.0,0.14,0.14,1,frequently,False
942,797,,72.0,13551,182.0,0.16,0.16,0,rarely,False
943,800,4342.0,84.0,24008,829.0,0.19,0.19,1,,
945,806,,38.0,24375,921.0,0.21,0.21,2,rarely,False
947,813,3149.0,82.0,21821,1325.0,0.2,0.2,1,rarely,
948,819,5324.0,69.0,26507,118.0,0.15,0.15,0,rarely,
952,838,2553.0,100.0,8306,702.0,0.16,0.16,0,frequently,False
953,847,,,2243,829.0,0.19,0.19,1,,
954,852,5933.0,50.0,5197,625.0,0.12,0.12,0,rarely,
955,859,4403.0,73.0,9250,,0.11,0.11,1,,
957,872,,,19146,,0.22,0.22,2,,
958,874,,62.0,5044,986.0,0.24,0.24,1,rarely,True
959,881,2022.0,96.0,16612,,0.19,0.19,1,frequently,
960,885,4256.0,87.0,18154,583.0,0.12,0.12,0,,False
962,888,,,10778,1269.0,0.17,0.17,0,no,
963,893,2899.0,98.0,12102,395.0,0.19,0.19,1,rarely,
964,896,,48.0,23522,341.0,0.19,0.19,3,rarely,True
965,902,5562.0,33.0,21782,,0.13,0.13,1,frequently,
966,916,,98.0,24252,821.0,0.14,0.14,0,rarely,
967,922,,49.0,22052,500.0,0.13,0.13,0,rarely,
968,925,,65.0,13137,1454.0,0.18,0.18,0,,True
970,930,2377.0,77.0,9834,995.0,0.18,0.18,1,,False
972,939,2799.0,100.0,3339,1198.0,0.11,0.11,0,rarely,
974,975,,86.0,6179,1219.0,0.16,0.16,0,rarely,
975,991,,46.0,10322,335.0,0.22,0.22,0,,True
976,995,3452.0,53.0,17241,461.0,0.18,0.18,0,rarely,
977,1001,2811.0,37.0,12086,1134.0,0.14,0.14,1,,False
980,1010,,39.0,10074,622.0,0.24,0.24,1,rarely,True
981,1017,,60.0,25725,109.0,0.17,0.17,0,,
982,1022,4240.0,97.0,13119,277.0,0.13,0.13,0,rarely,False
984,1027,4227.0,47.0,4658,1055.0,0.18,0.18,1,,
985,1028,3917.0,45.0,9541,802.0,0.2,0.2,1,rarely,False
986,1037,4969.0,79.0,21813,265.0,0.18,0.18,0,no,False
987,1044,,,21437,1038.0,0.19,0.19,0,no,
988,1053,2042.0,57.0,15346,342.0,0.14,0.14,1,,
990,1069,,40.0,21445,430.0,0.17,0.17,2,,False
991,1077,,54.0,17205,769.0,0.14,0.14,0,,True
992,1084,9957.0,85.0,9096,1176.0,0.15,0.15,1,,
993,1094,,87.0,5869,1277.0,0.19,0.19,3,no,
994,1096,,65.0,15813,1091.0,0.18,0.18,1,,False
995,1099,,34.0,21214,654.0,0.15,0.15,1,rarely,False
996,1102,2207.0,50.0,22482,895.0,0.16,0.16,1,,False
997,1103,7756.0,45.0,22266,618.0,0.17,0.17,0,,False
998,1108,,55.0,2993,1017.0,0.2,0.2,0,,True
999,1114,,30.0,13401,970.0,0.17,0.17,1,,False
1000,1131,2070.0,70.0,25326,984.0,0.11,0.11,0,,True
1001,1135,2791.0,67.0,21981,793.0,0.12,0.12,1,frequently,False
1003,1140,,95.0,15834,1003.0,0.11,0.11,0,,False
1004,1157,8224.0,77.0,18385,603.0,0.17,0.17,0,,
1005,1160,2610.0,72.0,6233,874.0,0.12,0.12,1,,False
1006,1161,5731.0,52.0,17171,367.0,0.13,0.13,2,rarely,False
1007,1162,2539.0,55.0,7950,199.0,0.13,0.13,1,rarely,False
1008,1185,2376.0,,26537,,0.13,0.13,1,frequently,
1010,1195,,83.0,20100,1457.0,0.19,0.19,1,,True
1013,1217,19081.0,52.0,10849,1450.0,0.11,0.11,1,,
1014,1234,2743.0,77.0,7331,116.0,0.2,0.2,1,,False
1019,1286,,44.0,6842,791.0,0.11,0.11,0,,True
1020,1291,,66.0,6020,735.0,0.14,0.14,0,rarely,True
1022,1301,2080.0,84.0,4732,640.0,0.11,0.11,0,rarely,
1023,1303,2096.0,40.0,18830,266.0,0.18,0.18,0,,
1024,1308,,88.0,26076,848.0,0.12,0.12,2,,
1026,1311,4627.0,48.0,23631,1138.0,0.12,0.12,1,rarely,False
1027,1317,,43.0,22422,,0.11,0.11,0,,
1028,1329,,40.0,22074,256.0,0.13,0.13,0,,False
1029,1331,2302.0,54.0,8319,,0.11,0.11,0,,True
1030,1333,,89.0,14669,935.0,0.12,0.12,0,,False
1032,1358,,67.0,9075,882.0,0.11,0.11,3,rarely,
1033,1361,,88.0,6762,329.0,0.22,0.22,1,rarely,False
1035,1371,5071.0,43.0,20392,793.0,0.2,0.2,0,frequently,False
1036,1380,,67.0,23288,662.0,0.18,0.18,1,,
1038,1389,,98.0,21057,,0.15,0.15,2,,
1040,1392,5467.0,75.0,13953,1200.0,0.14,0.14,2,,
1041,1396,,36.0,20497,499.0,0.13,0.13,3,,True
1043,1403,5769.0,98.0,7100,,0.11,0.11,0,,True
1044,1405,2394.0,51.0,25681,,0.13,0.13,0,rarely,True
1045,1411,3629.0,94.0,19106,1462.0,0.18,0.18,0,,False
1046,1412,9362.0,60.0,19944,200.0,0.11,0.11,0,frequently,False
1047,1415,3229.0,81.0,4910,949.0,0.11,0.11,1,,False
1048,1428,,73.0,12761,,0.14,0.14,2,,False
1050,1436,5647.0,98.0,13494,329.0,0.13,0.13,2,,False
1051,1439,4400.0,68.0,15182,383.0,0.12,0.12,0,rarely,False
1052,1441,2066.0,90.0,10494,1255.0,0.22,0.22,1,,
1053,1448,,90.0,5561,,0.12,0.12,0,,
1055,1464,,94.0,21081,523.0,0.13,0.13,1,frequently,
1056,1466,5486.0,96.0,24795,1221.0,0.11,0.11,3,,False
1057,1467,,52.0,3072,1107.0,0.15,0.15,0,,False
1058,1471,3162.0,90.0,7973,981.0,0.14,0.14,0,,
1059,1473,6651.0,96.0,21534,1495.0,0.14,0.14,1,rarely,False
1060,1475,3420.0,49.0,21158,1467.0,0.13,0.13,0,,
1061,1486,2909.0,92.0,15747,1496.0,0.15,0.15,1,,
1064,1507,4898.0,55.0,11827,467.0,0.14,0.14,0,frequently,
1065,1509,,43.0,23070,271.0,0.25,0.25,1,rarely,
1066,1513,3180.0,97.0,4668,410.0,0.13,0.13,3,frequently,False
1067,1516,11244.0,64.0,21072,495.0,0.25,0.25,0,,
1068,1537,,33.0,4156,561.0,0.12,0.12,0,frequently,False
1069,1552,4069.0,72.0,8841,1142.0,0.18,0.18,0,,
1071,1560,6392.0,46.0,10589,1242.0,0.13,0.13,1,,False
1072,1568,,33.0,17799,1288.0,0.12,0.12,1,,
1073,1573,4855.0,81.0,7653,903.0,0.11,0.11,2,rarely,
1074,1576,,65.0,16530,1108.0,0.12,0.12,1,rarely,
1075,1580,,45.0,13008,1351.0,0.17,0.17,1,,False
1076,1583,,90.0,16379,437.0,0.12,0.12,0,rarely,False
1077,1587,,51.0,4223,,0.16,0.16,0,rarely,True
1078,1592,,45.0,12826,977.0,0.16,0.16,1,,False
1079,1594,,80.0,19711,1302.0,0.13,0.13,1,,True
1080,1597,,92.0,15332,653.0,0.14,0.14,1,frequently,False
1082,1607,3312.0,35.0,18783,634.0,0.17,0.17,2,,False
1085,1623,3117.0,97.0,26009,546.0,0.18,0.18,0,,False
1088,1641,,84.0,19948,448.0,0.15,0.15,0,,
1089,1644,15202.0,89.0,5602,365.0,0.25,0.25,1,frequently,False
1090,1645,,59.0,22098,763.0,0.14,0.14,2,,True
1091,1647,,86.0,22490,486.0,0.17,0.17,0,rarely,
1092,1648,2580.0,87.0,6297,591.0,0.13,0.13,0,,False
1095,1651,,42.0,22792,711.0,0.12,0.12,2,,False
1096,1655,,72.0,3498,301.0,0.16,0.16,2,rarely,
1097,1657,,31.0,13251,1141.0,0.19,0.19,0,rarely,
1098,1662,4374.0,33.0,15411,894.0,0.15,0.15,0,no,
1099,1670,5505.0,93.0,3921,392.0,0.14,0.14,2,rarely,
1100,1674,2587.0,74.0,24941,,0.16,0.16,1,,
1103,1682,,80.0,7419,1351.0,0.14,0.14,2,rarely,False
1104,1683,,44.0,4167,528.0,0.18,0.18,3,rarely,True
1105,1694,,94.0,23737,1441.0,0.12,0.12,1,,False
1106,1702,,99.0,25103,427.0,0.21,0.21,1,,True
1109,1721,3477.0,69.0,18103,741.0,0.14,0.14,1,,
1110,1722,,60.0,20794,552.0,0.19,0.19,1,no,False
1112,1733,,96.0,8658,1456.0,0.13,0.13,3,,True
1113,1735,,51.0,12862,160.0,0.13,0.13,0,,False
1114,1746,,59.0,2097,897.0,0.14,0.14,1,,False
1117,1751,3445.0,67.0,6152,1054.0,0.11,0.11,0,,
1119,1753,6294.0,70.0,23060,461.0,0.12,0.12,0,,True
1123,1787,,46.0,8800,589.0,0.14,0.14,2,rarely,False
1124,1801,,98.0,25166,849.0,0.15,0.15,0,,
1125,1813,,52.0,24978,343.0,0.13,0.13,0,no,False
1126,1814,,85.0,15530,,0.12,0.12,0,rarely,
1127,1833,,,8277,1125.0,0.14,0.14,2,,False
1128,1834,3591.0,67.0,12719,1217.0,0.25,0.25,1,rarely,False
1129,1835,5405.0,77.0,4244,723.0,0.2,0.2,2,,True
1130,1837,,87.0,21624,1216.0,0.14,0.14,0,frequently,
1131,1844,,56.0,3157,350.0,0.15,0.15,3,rarely,
1132,1856,2105.0,64.0,5411,207.0,0.12,0.12,0,rarely,
1133,1858,,43.0,10494,280.0,0.15,0.15,1,,
1136,1873,2662.0,98.0,7975,836.0,0.2,0.2,1,rarely,
1137,1883,2062.0,59.0,19384,592.0,0.14,0.14,0,,
1138,1886,,44.0,25388,219.0,0.11,0.11,0,,
1139,1905,,85.0,14460,967.0,0.23,0.23,1,no,
1140,1907,2587.0,,10261,,0.16,0.16,0,rarely,False
1141,1908,5507.0,33.0,16822,335.0,0.16,0.16,2,,
1145,1922,5399.0,44.0,14511,,0.12,0.12,0,frequently,False
1146,1929,,32.0,3987,1251.0,0.19,0.19,1,,
1148,1948,,48.0,3995,976.0,0.13,0.13,1,,
1150,1972,,,5224,1444.0,0.11,0.11,1,frequently,True
1151,1980,4440.0,77.0,25198,,0.19,0.19,0,,True
1152,1982,,78.0,13672,571.0,0.13,0.13,0,,False
1153,1992,,57.0,7298,977.0,0.19,0.19,1,,
1154,1996,,54.0,6393,1154.0,0.19,0.19,1,,False
1155,2003,2660.0,43.0,20232,1490.0,0.11,0.11,1,rarely,True
1156,2007,3375.0,63.0,17624,581.0,0.12,0.12,0,,False
1157,2010,,49.0,15919,267.0,0.13,0.13,0,rarely,
1161,2027,4787.0,36.0,26124,1092.0,0.14,0.14,3,rarely,
1162,2038,,78.0,11288,529.0,0.14,0.14,0,rarely,False
1163,2048,2809.0,52.0,2725,1322.0,0.14,0.14,0,rarely,False
1165,2055,10854.0,39.0,16586,410.0,0.13,0.13,1,rarely,
1166,2060,,30.0,21378,1167.0,0.18,0.18,0,,False
1167,2061,2571.0,41.0,12290,884.0,0.17,0.17,1,frequently,False
1168,2064,6142.0,87.0,5174,155.0,0.2,0.2,1,rarely,True
1169,39,2496.0,78.0,6670,924.0,0.11,0.11,0,,False
1170,51,3419.0,82.0,13072,852.0,0.14,0.14,1,,True
1171,95,2501.0,87.0,18775,1082.0,0.17,0.17,0,,False
1172,169,,100.0,19299,,0.14,0.14,1,rarely,
1173,224,2566.0,79.0,25326,1450.0,0.15,0.15,1,,
1174,242,,90.0,10515,134.0,0.14,0.14,0,rarely,False
1175,286,,73.0,7703,635.0,0.13,0.13,0,frequently,
1176,340,3920.0,83.0,18697,1017.0,0.14,0.14,1,,
1179,431,13964.0,90.0,17810,1091.0,0.12,0.12,0,,True
1180,496,6540.0,97.0,19394,755.0,0.19,0.19,0,,
1181,511,2244.0,43.0,24440,253.0,0.13,0.13,1,,False
1182,612,16184.0,95.0,22578,922.0,0.19,0.19,1,,False
1183,650,4233.0,46.0,11512,1365.0,0.17,0.17,0,,False
1184,684,,100.0,5630,306.0,0.14,0.14,2,,
1185,730,14814.0,59.0,13514,970.0,0.19,0.19,0,,False
1186,757,,96.0,7360,970.0,0.11,0.11,0,rarely,False
1188,869,,63.0,23965,1169.0,0.13,0.13,1,rarely,
1189,875,,35.0,9068,1271.0,0.14,0.14,0,frequently,
1191,964,3617.0,,25063,1469.0,0.14,0.14,1,,True
1192,970,,46.0,14922,625.0,0.11,0.11,0,,
1194,1006,2684.0,66.0,12127,1391.0,0.17,0.17,1,,
1196,1055,,87.0,18410,1333.0,0.19,0.19,1,rarely,True
1197,1061,19237.0,62.0,12853,1464.0,0.11,0.11,1,rarely,
1198,1107,2377.0,37.0,19373,1330.0,0.2,0.2,1,,False
1201,1180,4422.0,92.0,21203,902.0,0.13,0.13,1,,True
1202,1193,2552.0,54.0,7172,645.0,0.25,0.25,0,rarely,False
1203,1226,2678.0,43.0,5050,654.0,0.17,0.17,0,rarely,
1206,1254,5171.0,48.0,16490,326.0,0.17,0.17,0,,False
1207,1321,11916.0,95.0,25927,634.0,0.23,0.23,2,rarely,True
1208,1465,9380.0,55.0,14720,1448.0,0.18,0.18,2,rarely,True
1210,1479,,96.0,2939,1358.0,0.15,0.15,2,,
1211,1551,,57.0,10036,,0.14,0.14,3,,
1212,1555,5878.0,67.0,15624,824.0,0.12,0.12,1,,False
1213,1604,,51.0,7324,329.0,0.17,0.17,3,rarely,
1214,1757,,,8191,1313.0,0.12,0.12,0,,
1215,1760,2468.0,75.0,15963,594.0,0.14,0.14,1,frequently,
1216,1789,,46.0,14218,734.0,0.17,0.17,1,rarely,
1217,1807,,93.0,6208,234.0,0.17,0.17,1,frequently,
1218,1812,4127.0,83.0,19188,766.0,0.18,0.18,1,,
1219,1818,2148.0,69.0,6889,920.0,0.11,0.11,0,rarely,True
1220,1830,,68.0,15696,431.0,0.15,0.15,1,rarely,False
1221,1890,3886.0,94.0,4223,1213.0,0.21,0.21,0,frequently,False
1222,1939,,47.0,15318,238.0,0.14,0.14,0,frequently,True
1225,1994,,59.0,20439,1313.0,0.12,0.12,3,,
1226,4,2090.0,92.0,2396,1373.0,0.15,0.15,0,rarely,True
1227,10,,81.0,9964,1324.0,0.2,0.2,3,rarely,
1230,30,,96.0,19281,391.0,0.14,0.14,0,rarely,False
1231,41,,83.0,16117,125.0,0.13,0.13,0,rarely,
1232,42,2086.0,56.0,3335,895.0,0.14,0.14,1,rarely,False
1234,53,1951.0,75.0,10910,,0.12,0.12,1,,
1235,54,,33.0,19715,1240.0,0.13,0.13,1,,
1236,55,,48.0,10558,1357.0,0.12,0.12,0,,
1239,64,,98.0,19294,626.0,0.13,0.13,0,,
1240,70,,79.0,8302,1097.0,0.13,0.13,1,no,True
1241,84,,,19730,836.0,0.14,0.14,3,rarely,True
1244,97,3038.0,55.0,22002,132.0,0.12,0.12,0,rarely,False
1246,106,,70.0,18092,111.0,0.14,0.14,1,,
1247,113,2322.0,62.0,9518,541.0,0.13,0.13,1,,False
1249,137,2926.0,66.0,19783,871.0,0.18,0.18,0,,True
1250,139,,100.0,15850,1040.0,0.14,0.14,1,,False
1251,144,,59.0,23785,,0.15,0.15,0,,False
1253,155,2835.0,39.0,2561,922.0,0.22,0.22,1,,
1254,167,,,26820,528.0,0.19,0.19,0,rarely,True
1255,200,,94.0,6961,,0.21,0.21,1,,
1256,201,,79.0,16102,,0.14,0.14,0,,False
1257,211,,34.0,13983,1169.0,0.17,0.17,0,,False
1258,214,,75.0,11873,1145.0,0.2,0.2,1,,True
1260,243,,,9241,303.0,0.22,0.22,0,rarely,
1262,271,6553.0,,7259,1261.0,0.14,0.14,0,rarely,
1263,282,6673.0,70.0,11354,1180.0,0.19,0.19,0,,True
1265,309,2177.0,70.0,8456,142.0,0.17,0.17,1,rarely,
1266,323,19517.0,68.0,24118,854.0,0.11,0.11,1,rarely,False
1267,334,,36.0,19877,1411.0,0.16,0.16,2,rarely,
1269,342,10048.0,61.0,22573,504.0,0.11,0.11,2,,False
1271,364,,79.0,14935,529.0,0.11,0.11,0,rarely,
1273,367,,64.0,14408,1463.0,0.21,0.21,1,rarely,False
1275,392,3161.0,43.0,19920,920.0,0.22,0.22,1,frequently,True
1276,397,,30.0,26285,506.0,0.12,0.12,0,,
1278,407,,81.0,7122,566.0,0.18,0.18,2,,False
1280,445,5238.0,41.0,17778,1162.0,0.18,0.18,0,rarely,True
1283,468,15992.0,44.0,15901,810.0,0.14,0.14,0,rarely,False
1284,471,2370.0,75.0,3956,1062.0,0.13,0.13,1,,False
1285,473,,91.0,23978,530.0,0.21,0.21,1,rarely,
1286,477,6781.0,98.0,17078,1332.0,0.23,0.23,0,rarely,
1287,479,6653.0,45.0,15276,845.0,0.15,0.15,0,no,
1288,485,2851.0,34.0,9150,350.0,0.13,0.13,0,rarely,
1289,487,5258.0,30.0,16044,1144.0,0.14,0.14,0,,
1290,494,,90.0,25422,156.0,0.15,0.15,0,rarely,
1291,508,2476.0,72.0,17434,202.0,0.18,0.18,1,,
1292,514,2285.0,40.0,3427,464.0,0.23,0.23,0,frequently,True
1293,518,4197.0,49.0,21123,1305.0,0.12,0.12,0,rarely,
1296,556,1702.0,42.0,12106,1490.0,0.23,0.23,1,frequently,True
1297,566,2564.0,,18437,489.0,0.12,0.12,0,,False
1298,568,,56.0,22102,210.0,0.12,0.12,1,rarely,False
1302,614,1878.0,69.0,8059,1306.0,0.14,0.14,0,frequently,True
1303,615,,58.0,11373,1094.0,0.15,0.15,1,,False
1305,622,2340.0,66.0,23213,471.0,0.18,0.18,0,rarely,True
1307,643,2127.0,94.0,9100,823.0,0.21,0.21,1,,False
1308,648,2033.0,74.0,14470,448.0,0.18,0.18,1,frequently,False
1309,656,9602.0,75.0,3010,558.0,0.11,0.11,1,rarely,
1310,657,,83.0,11757,959.0,0.13,0.13,0,rarely,False
1311,661,16627.0,50.0,2671,782.0,0.14,0.14,1,,
1312,662,,,14561,362.0,0.17,0.17,0,,False
1315,690,,62.0,3487,,0.14,0.14,1,,False
1316,701,1009.0,32.0,26999,1362.0,0.11,0.11,0,,
1317,704,,41.0,16900,727.0,0.18,0.18,2,no,False
1318,715,,80.0,15232,1225.0,0.17,0.17,0,,False
1319,743,7861.0,81.0,15397,168.0,0.14,0.14,0,,True
1320,749,2642.0,,2755,1396.0,0.11,0.11,0,,False
1322,773,,92.0,20471,268.0,0.13,0.13,1,rarely,True
1323,775,5121.0,32.0,4187,167.0,0.14,0.14,1,rarely,False
1324,811,,,3445,1243.0,0.21,0.21,2,,True
1325,812,2694.0,60.0,26551,1092.0,0.11,0.11,3,,False
1326,816,,36.0,6689,805.0,0.11,0.11,1,rarely,
1327,832,5094.0,51.0,11983,720.0,0.14,0.14,0,frequently,False
1328,833,,52.0,20234,,0.24,0.24,0,rarely,
1329,834,2274.0,95.0,6153,252.0,0.14,0.14,0,,False
1333,897,,73.0,22789,868.0,0.14,0.14,1,rarely,
1334,904,,32.0,4814,1252.0,0.13,0.13,0,,True
1335,911,,87.0,18016,374.0,0.24,0.24,0,rarely,
1336,918,2380.0,57.0,13384,781.0,0.14,0.14,1,frequently,
1338,923,,65.0,8870,1427.0,0.19,0.19,0,rarely,False
1339,934,2008.0,83.0,6896,546.0,0.14,0.14,2,,False
1340,940,10552.0,37.0,9255,1272.0,0.13,0.13,1,,
1341,945,2259.0,51.0,5543,,0.17,0.17,2,,
1342,951,,70.0,3974,1184.0,0.2,0.2,0,no,False
1343,952,2413.0,36.0,18798,867.0,0.18,0.18,3,,True
1344,954,,67.0,20652,658.0,0.12,0.12,1,,False
1345,959,2121.0,37.0,9947,419.0,0.13,0.13,0,,True
1349,986,13194.0,100.0,17071,1479.0,0.16,0.16,0,no,
1350,994,,92.0,11479,906.0,0.2,0.2,0,rarely,True
1351,1003,4163.0,83.0,8571,955.0,0.17,0.17,0,rarely,True
1352,1012,,73.0,13493,287.0,0.15,0.15,0,,False
1354,1029,18303.0,90.0,7770,265.0,0.13,0.13,0,,False
1356,1033,4777.0,61.0,14382,1141.0,0.15,0.15,0,rarely,False
1358,1052,,81.0,7858,660.0,0.14,0.14,1,,
1359,1056,1052.0,74.0,23384,1144.0,0.22,0.22,0,rarely,False
1360,1076,,,5268,415.0,0.13,0.13,1,,False
1361,1079,,36.0,17258,1334.0,0.13,0.13,0,rarely,False
1362,1081,2461.0,34.0,10332,1323.0,0.12,0.12,3,rarely,
1363,1105,,88.0,24223,309.0,0.14,0.14,3,,True
1364,1111,2596.0,45.0,7160,1009.0,0.15,0.15,2,,False
1365,1113,4728.0,81.0,17251,,0.14,0.14,0,,True
1366,1115,,40.0,22478,697.0,0.17,0.17,3,,False
1367,1125,7351.0,32.0,20619,130.0,0.16,0.16,0,rarely,False
1369,1156,,80.0,13556,247.0,0.12,0.12,0,,False
1370,1158,4766.0,46.0,9051,167.0,0.11,0.11,1,,True
1371,1172,2258.0,58.0,16340,982.0,0.12,0.12,1,rarely,False
1372,1190,2827.0,76.0,14947,862.0,0.12,0.12,3,,
1374,1206,2290.0,74.0,4279,111.0,0.13,0.13,0,no,False
1375,1210,2107.0,95.0,20293,906.0,0.17,0.17,1,no,False
1378,1242,13191.0,60.0,23281,458.0,0.17,0.17,0,frequently,True
1379,1256,,85.0,12124,1098.0,0.13,0.13,1,,
1380,1258,,76.0,16620,969.0,0.11,0.11,0,rarely,
1381,1260,,82.0,4204,1329.0,0.11,0.11,2,rarely,
1382,1263,18265.0,76.0,8733,715.0,0.12,0.12,0,,False
1384,1269,,57.0,21221,265.0,0.12,0.12,0,,
1385,1270,,47.0,16901,373.0,0.22,0.22,1,,False
1386,1273,1118.0,73.0,8040,599.0,0.14,0.14,0,frequently,True
1389,1306,18061.0,,13035,364.0,0.22,0.22,0,frequently,
1390,1364,,98.0,6527,1291.0,0.14,0.14,1,,
1391,1368,1611.0,97.0,19305,1124.0,0.15,0.15,0,no,
1392,1379,,90.0,11882,703.0,0.14,0.14,0,frequently,False
1393,1427,,50.0,16154,,0.12,0.12,0,frequently,
1394,1433,,34.0,22262,202.0,0.12,0.12,0,rarely,
1395,1434,,91.0,7679,1377.0,0.14,0.14,0,rarely,
1396,1458,,54.0,17181,592.0,0.23,0.23,0,,True
1397,1481,4768.0,79.0,9282,383.0,0.12,0.12,1,frequently,
1398,1482,1274.0,,7152,990.0,0.13,0.13,2,,
1400,1494,,89.0,16998,381.0,0.11,0.11,0,frequently,
1402,1504,2561.0,,5355,289.0,0.11,0.11,0,,False
1404,1515,6388.0,69.0,22049,516.0,0.17,0.17,0,,
1405,1525,8376.0,32.0,9150,1089.0,0.18,0.18,0,rarely,
1406,1542,4841.0,68.0,24052,1210.0,0.14,0.14,1,,
1407,1558,,91.0,22376,598.0,0.18,0.18,2,rarely,False
1408,1564,,68.0,21731,992.0,0.19,0.19,0,rarely,False
1410,1577,2972.0,35.0,22061,479.0,0.13,0.13,0,,
1411,1581,,89.0,11133,474.0,0.21,0.21,0,rarely,
1413,1591,,59.0,19519,264.0,0.16,0.16,1,,True
1415,1601,2690.0,63.0,7713,1349.0,0.18,0.18,1,,False
1416,1602,17567.0,56.0,3156,563.0,0.15,0.15,0,rarely,
1417,1624,1569.0,70.0,18420,544.0,0.12,0.12,0,frequently,True
1418,1669,4187.0,43.0,3356,991.0,0.13,0.13,1,,True
1419,1673,,67.0,22589,1112.0,0.11,0.11,2,,False
1420,1678,,80.0,11591,1206.0,0.16,0.16,0,rarely,
1423,1697,10883.0,92.0,20467,,0.2,0.2,1,,False
1424,1714,,58.0,11585,240.0,0.11,0.11,1,,False
1425,1724,,92.0,5041,369.0,0.16,0.16,1,rarely,True
1427,1731,,87.0,3536,543.0,0.11,0.11,1,no,False
1429,1744,9756.0,56.0,6595,176.0,0.21,0.21,2,rarely,
1430,1755,,97.0,5586,181.0,0.14,0.14,3,,True
1431,1758,,74.0,10092,211.0,0.2,0.2,0,,True
1432,1761,,70.0,19002,1079.0,0.13,0.13,3,rarely,
1434,1763,5294.0,58.0,9128,305.0,0.16,0.16,1,,False
1435,1766,,60.0,24539,833.0,0.16,0.16,1,rarely,
1439,1783,,79.0,15999,1294.0,0.17,0.17,0,rarely,True
1442,1839,,33.0,8018,1431.0,0.16,0.16,0,,
1443,1842,2956.0,89.0,21495,359.0,0.17,0.17,0,rarely,False
1444,1847,,73.0,19573,430.0,0.22,0.22,1,rarely,True
1445,1853,4648.0,79.0,26075,1318.0,0.13,0.13,0,frequently,
1447,1860,,,13624,1142.0,0.13,0.13,0,rarely,False
1448,1865,2804.0,87.0,15434,352.0,0.11,0.11,0,rarely,False
1450,1875,2856.0,78.0,3692,1172.0,0.19,0.19,1,rarely,False
1451,1876,,89.0,16019,945.0,0.13,0.13,0,,
1453,1893,2933.0,90.0,14908,482.0,0.13,0.13,1,,True
1454,1903,,78.0,9364,170.0,0.15,0.15,1,rarely,
1455,1928,1091.0,45.0,10642,746.0,0.17,0.17,0,frequently,False
1456,1933,,84.0,23352,1475.0,0.11,0.11,0,rarely,True
1457,1935,,89.0,20328,1443.0,0.16,0.16,1,rarely,
1458,1936,5151.0,87.0,12315,867.0,0.25,0.25,1,rarely,False
1459,1938,,72.0,11761,605.0,0.13,0.13,1,,True
1460,1943,,77.0,2900,419.0,0.12,0.12,2,rarely,
1461,1944,2863.0,58.0,19555,1337.0,0.12,0.12,0,,False
1462,1961,2858.0,59.0,11473,1404.0,0.14,0.14,0,rarely,
1463,1966,,56.0,10138,1373.0,0.24,0.24,0,,False
1464,1974,1129.0,59.0,17536,1276.0,0.11,0.11,3,,
1466,2012,,83.0,4060,543.0,0.19,0.19,2,,False
1468,2023,,33.0,26956,638.0,0.19,0.19,1,,False
1469,2040,,31.0,16642,1146.0,0.16,0.16,0,rarely,True
1470,1541,2308.0,55.0,4944,1440.0,0.25,0.25,1,rarely,True
1471,1947,2144.0,49.0,2122,1103.0,0.14,0.14,0,no,False
1477,524,4306.0,31.0,4156,480.0,0.12,0.12,1,,False
1478,569,17046.0,88.0,9314,1099.0,0.15,0.15,1,rarely,False
1479,1044,,88.0,21437,1038.0,0.19,0.19,0,no,
1480,1069,,40.0,21445,430.0,0.17,0.17,2,,False
1481,1131,2070.0,70.0,25326,984.0,0.11,0.11,0,,True
1482,1135,2791.0,67.0,21981,793.0,0.12,0.12,1,frequently,False
1483,1157,8224.0,77.0,18385,603.0,0.17,0.17,0,,
1484,1160,2610.0,72.0,6233,874.0,0.12,0.12,1,,False
1485,1161,5731.0,52.0,17171,367.0,0.13,0.13,2,rarely,False
1486,1162,2539.0,55.0,7950,199.0,0.13,0.13,1,rarely,False
1487,1185,2376.0,47.0,26537,,0.13,0.13,1,frequently,
1489,1778,3539.0,97.0,5033,244.0,0.13,0.13,0,rarely,False
1490,1797,5813.0,84.0,13492,303.0,0.18,0.18,0,,
1491,1816,9667.0,64.0,2739,1092.0,0.14,0.14,0,,False
1492,1821,,66.0,10842,261.0,0.22,0.22,1,rarely,False
1494,1869,7314.0,64.0,14011,,0.21,0.21,3,,
1496,1898,,89.0,26997,511.0,0.14,0.14,0,rarely,False
1497,1911,,83.0,14842,1396.0,0.13,0.13,1,,False
1498,1927,,42.0,19255,,0.12,0.12,1,frequently,
1499,423,,86.0,10077,691.0,0.12,0.12,1,rarely,
1500,424,6410.0,62.0,17822,106.0,0.12,0.12,0,rarely,False
1501,433,4941.0,85.0,17747,723.0,0.15,0.15,0,,False
1502,447,,42.0,16375,1482.0,0.11,0.11,1,rarely,
1503,455,3983.0,30.0,7621,738.0,0.17,0.17,0,,False
1504,460,6347.0,61.0,23177,1192.0,0.16,0.16,2,,False
1505,465,2904.0,83.0,16092,1309.0,0.12,0.12,2,,
1506,470,2696.0,52.0,24017,544.0,0.11,0.11,1,rarely,True
1507,475,,85.0,6069,641.0,0.12,0.12,1,,
1508,478,2174.0,99.0,9150,756.0,0.11,0.11,0,,
1509,482,6755.0,88.0,2967,593.0,0.11,0.11,0,rarely,False
1511,495,,54.0,18168,1283.0,0.16,0.16,0,,False
1514,501,2543.0,96.0,11868,329.0,0.13,0.13,1,rarely,False
1515,502,5304.0,67.0,4652,1362.0,0.13,0.13,0,no,True
1516,507,,77.0,5915,1371.0,0.12,0.12,1,,True
1517,517,,95.0,20490,201.0,0.16,0.16,1,,False
1518,522,19406.0,86.0,8509,821.0,0.11,0.11,1,,
1519,525,2258.0,61.0,15238,313.0,0.2,0.2,1,,
1520,530,2218.0,98.0,16193,329.0,0.12,0.12,1,rarely,False
1523,376,,88.0,10268,666.0,0.12,0.12,1,no,
1524,381,,71.0,19100,1315.0,0.18,0.18,1,,
1525,388,,44.0,20260,442.0,0.18,0.18,0,frequently,
1526,389,,37.0,15972,147.0,0.19,0.19,1,rarely,
1527,401,5828.0,48.0,8450,950.0,0.12,0.12,0,rarely,
1528,416,,100.0,12241,218.0,0.11,0.11,1,rarely,
1529,430,2455.0,33.0,10675,,0.19,0.19,0,frequently,False
1530,438,,73.0,7143,691.0,0.12,0.12,3,rarely,
1532,446,4682.0,46.0,4317,,0.14,0.14,0,,False
1533,448,5257.0,82.0,6227,559.0,0.11,0.11,1,frequently,False
1534,454,2119.0,77.0,4759,318.0,0.11,0.11,0,rarely,
1535,458,,56.0,3415,1130.0,0.18,0.18,1,,False
1538,476,,57.0,20156,933.0,0.17,0.17,1,rarely,
1539,483,,46.0,22495,1171.0,0.13,0.13,1,rarely,True
1540,488,,56.0,9558,143.0,0.18,0.18,0,,False
1541,500,,87.0,14862,1178.0,0.11,0.11,1,rarely,False
1544,586,,,14295,1276.0,0.12,0.12,0,rarely,True
1546,608,2741.0,58.0,22808,426.0,0.11,0.11,1,frequently,True
1547,621,5337.0,74.0,19921,258.0,0.12,0.12,0,,
1548,653,,66.0,6219,525.0,0.22,0.22,2,rarely,False
1549,663,,72.0,19627,,0.13,0.13,1,frequently,
1551,710,,,18959,806.0,0.18,0.18,1,,
1552,717,,46.0,17654,1442.0,0.14,0.14,0,,
1553,722,5396.0,55.0,21703,929.0,0.12,0.12,0,,
1554,724,,33.0,19383,827.0,0.13,0.13,0,rarely,
1555,725,,68.0,6009,,0.11,0.11,0,rarely,
1557,728,4960.0,42.0,11825,703.0,0.12,0.12,0,,
1559,747,5304.0,99.0,25275,501.0,0.23,0.23,1,,False
1560,762,11103.0,81.0,20420,,0.11,0.11,0,rarely,False
1561,783,6632.0,46.0,12388,954.0,0.13,0.13,0,rarely,False
1562,789,7587.0,76.0,14229,1434.0,0.15,0.15,0,no,
1563,803,5980.0,75.0,26085,240.0,0.12,0.12,0,,
1565,823,5228.0,35.0,23361,676.0,0.15,0.15,1,rarely,
1567,842,,37.0,21519,436.0,0.16,0.16,0,,
1570,913,,61.0,7508,661.0,0.13,0.13,0,,True
1571,927,,,17725,1085.0,0.13,0.13,1,,True
1572,941,2329.0,,11737,154.0,0.15,0.15,0,rarely,
1573,956,4294.0,52.0,11148,1283.0,0.12,0.12,0,frequently,
1575,966,6725.0,93.0,13554,498.0,0.12,0.12,1,,
1576,972,4447.0,57.0,23163,805.0,0.12,0.12,0,no,
1578,990,,84.0,25952,1229.0,0.13,0.13,2,no,False
3,2072,17169.0,82.0,26703,359.0,0.19,0.19,2,rarely,
4,2073,,45.0,7739,1319.0,0.12,0.12,1,,False
8,2077,16595.0,91.0,5626,1276.0,0.16,0.16,1,,False
11,2080,13402.0,68.0,18235,1369.0,0.12,0.12,1,rarely,True
12,2081,13206.0,99.0,3376,201.0,0.12,0.12,1,,False
14,2083,,61.0,13339,692.0,0.11,0.11,0,,False
17,2086,,69.0,24097,1402.0,0.23,0.23,0,rarely,
18,2087,,48.0,26312,819.0,0.11,0.11,0,,
19,2088,,80.0,25800,884.0,0.13,0.13,2,rarely,
22,2091,,59.0,8202,1223.0,0.13,0.13,3,,
24,2093,6201.0,56.0,2823,928.0,0.14,0.14,1,rarely,
25,2094,,66.0,23457,607.0,0.2,0.2,1,,True
26,2095,19845.0,57.0,25846,266.0,0.15,0.15,1,,False
28,2097,,79.0,22949,589.0,0.12,0.12,1,rarely,
34,2103,,41.0,12482,665.0,0.14,0.14,0,rarely,
38,2107,10266.0,80.0,2845,1499.0,0.19,0.19,0,frequently,False
41,2110,4721.0,59.0,3119,263.0,0.13,0.13,0,rarely,True
50,2119,,80.0,16292,1333.0,0.13,0.13,1,,
52,2121,10306.0,55.0,21530,737.0,0.17,0.17,0,rarely,
55,2124,5406.0,88.0,10436,301.0,0.24,0.24,1,no,False
58,2127,5902.0,47.0,14590,1329.0,0.14,0.14,1,rarely,
69,2138,6687.0,98.0,6163,404.0,0.11,0.11,0,rarely,
70,2139,,52.0,12250,208.0,0.12,0.12,1,no,
71,2140,,50.0,21981,813.0,0.15,0.15,3,,False
75,2144,,92.0,19271,1001.0,0.12,0.12,1,rarely,True
81,2150,,94.0,3465,147.0,0.12,0.12,1,rarely,
83,2152,,42.0,6599,1413.0,0.14,0.14,1,frequently,
85,2154,16015.0,88.0,15896,334.0,0.19,0.19,0,,
86,2155,9613.0,48.0,10942,1132.0,0.17,0.17,3,rarely,False
87,2156,11510.0,92.0,15682,,0.14,0.14,1,,
88,2157,,59.0,4345,982.0,0.11,0.11,1,,False
92,2161,5067.0,64.0,6759,1379.0,0.19,0.19,0,,True
94,2163,,61.0,26542,1492.0,0.2,0.2,1,rarely,
97,2166,3692.0,46.0,9256,469.0,0.12,0.12,0,frequently,False
99,2168,19847.0,83.0,19196,237.0,0.24,0.24,1,frequently,True
104,2173,,91.0,13583,1224.0,0.12,0.12,0,,False
108,2177,,40.0,3142,638.0,0.13,0.13,1,,True
114,2183,12490.0,81.0,15736,1469.0,0.16,0.16,2,rarely,False
117,2186,,97.0,20308,1249.0,0.18,0.18,1,frequently,
119,2188,8943.0,48.0,14034,798.0,0.24,0.24,1,,False
123,2192,,39.0,25713,1232.0,0.14,0.14,0,,
128,2197,,56.0,6950,319.0,0.21,0.21,1,rarely,
139,2208,,78.0,23238,217.0,0.2,0.2,0,no,
142,2211,3579.0,63.0,9369,1465.0,0.21,0.21,1,rarely,True
143,2212,17779.0,85.0,23474,685.0,0.14,0.14,0,rarely,False
148,2217,,56.0,21833,648.0,0.11,0.11,2,frequently,False
153,2222,,54.0,18706,855.0,0.11,0.11,0,,False
157,2226,,93.0,2721,405.0,0.24,0.24,1,rarely,False
166,2235,,52.0,22577,350.0,0.22,0.22,1,no,False
167,2236,,63.0,6060,1266.0,0.13,0.13,1,rarely,True
169,2238,,71.0,25811,189.0,0.18,0.18,1,,True
174,2243,15427.0,78.0,22021,1219.0,0.16,0.16,0,rarely,False
175,2244,,37.0,2975,994.0,0.15,0.15,0,frequently,False
177,2246,,71.0,11031,853.0,0.22,0.22,1,,
183,2252,,94.0,11439,,0.13,0.13,2,rarely,
191,2260,2793.0,41.0,2539,319.0,0.17,0.17,1,,False
193,2262,5674.0,47.0,6927,1105.0,0.15,0.15,1,no,
207,2276,,48.0,21816,586.0,0.22,0.22,1,rarely,
211,2280,,45.0,24406,1188.0,0.13,0.13,1,no,
212,2281,2519.0,79.0,12287,938.0,0.21,0.21,0,rarely,False
218,2287,,45.0,11162,408.0,0.13,0.13,1,,
221,2290,,82.0,21708,536.0,0.14,0.14,2,rarely,
222,2291,4444.0,46.0,22534,135.0,0.13,0.13,2,frequently,False
230,2299,13757.0,55.0,25178,218.0,0.11,0.11,1,no,False
233,2302,,91.0,21195,1029.0,0.19,0.19,0,rarely,False
240,2309,3069.0,76.0,10302,170.0,0.15,0.15,1,rarely,
243,2312,9241.0,35.0,15869,918.0,0.12,0.12,0,rarely,False
245,2314,,88.0,4349,611.0,0.14,0.14,0,rarely,False
246,2315,3055.0,90.0,6194,,0.15,0.15,2,,False
248,2317,3143.0,90.0,6076,867.0,0.19,0.19,1,,False
250,2319,,40.0,7003,574.0,0.13,0.13,0,frequently,False
256,2325,,48.0,5771,1125.0,0.21,0.21,0,,
260,2329,,76.0,4077,911.0,0.13,0.13,0,rarely,False
262,2331,,,19788,585.0,0.15,0.15,2,no,
265,2334,,79.0,11864,1005.0,0.13,0.13,0,,
266,2335,9526.0,44.0,8787,,0.21,0.21,0,frequently,False
267,2336,,94.0,16577,1299.0,0.13,0.13,2,rarely,
282,2351,4319.0,41.0,26283,1496.0,0.13,0.13,1,no,
283,2352,,30.0,15062,1480.0,0.12,0.12,0,frequently,False
288,2357,6261.0,54.0,4185,1084.0,0.18,0.18,1,,False
293,2362,,39.0,21509,465.0,0.2,0.2,0,rarely,False
295,2364,19436.0,49.0,5949,1416.0,0.19,0.19,1,,False
298,2367,,79.0,7501,1385.0,0.14,0.14,0,rarely,True
307,2376,5055.0,74.0,10557,1018.0,0.16,0.16,0,,
312,2381,,39.0,11866,144.0,0.14,0.14,2,rarely,True
313,2382,5974.0,51.0,17001,1319.0,0.13,0.13,2,,
318,2387,3034.0,95.0,26914,1107.0,0.12,0.12,1,,False
319,2388,13212.0,86.0,18256,906.0,0.11,0.11,3,,False
321,2390,,87.0,26314,1485.0,0.14,0.14,1,,False
322,2391,,49.0,7181,1116.0,0.14,0.14,0,no,
325,2394,4805.0,61.0,16177,561.0,0.19,0.19,1,rarely,False
332,2401,9434.0,36.0,9606,482.0,0.15,0.15,1,rarely,False
333,2402,,88.0,6729,397.0,0.15,0.15,1,,
334,2403,,46.0,7791,243.0,0.2,0.2,0,rarely,False
341,2410,11159.0,39.0,19373,1018.0,0.15,0.15,0,rarely,
345,2414,2216.0,67.0,3872,654.0,0.13,0.13,0,,True
353,2422,4244.0,38.0,9931,791.0,0.24,0.24,1,,False
356,2425,2700.0,81.0,23779,,0.24,0.24,1,rarely,
358,2427,,81.0,3698,760.0,0.2,0.2,0,,
359,2428,2366.0,88.0,20898,,0.14,0.14,1,,
364,2433,,41.0,17369,616.0,0.11,0.11,2,,
368,2437,,41.0,2560,903.0,0.18,0.18,0,rarely,False
370,2439,10845.0,,24208,566.0,0.13,0.13,1,,
375,2444,6347.0,95.0,24920,145.0,0.12,0.12,1,no,
378,2447,,74.0,22217,300.0,0.14,0.14,1,rarely,
386,2455,,93.0,8039,950.0,0.17,0.17,3,,
388,2457,,84.0,13547,203.0,0.11,0.11,3,frequently,False
390,2459,,79.0,17689,718.0,0.15,0.15,1,rarely,
391,2460,13499.0,88.0,13782,593.0,0.17,0.17,0,,False
397,2466,,60.0,6865,,0.14,0.14,1,,False
399,2468,5220.0,52.0,10893,,0.18,0.18,1,,
402,2471,,42.0,14377,1103.0,0.14,0.14,2,rarely,
408,2477,,39.0,17285,806.0,0.13,0.13,2,,True
409,2478,6209.0,56.0,11693,604.0,0.15,0.15,2,rarely,
410,2479,7094.0,63.0,5747,325.0,0.12,0.12,0,rarely,False
411,2480,,64.0,21534,1030.0,0.19,0.19,0,,True
417,2486,,85.0,9277,,0.17,0.17,0,,
425,2494,,81.0,23099,663.0,0.11,0.11,2,no,False
426,2495,10793.0,31.0,8386,326.0,0.18,0.18,1,,
433,2502,,38.0,17381,898.0,0.21,0.21,0,rarely,True
434,2503,6439.0,96.0,13693,,0.14,0.14,1,,False
440,2509,,76.0,3835,1387.0,0.13,0.13,3,,
445,2514,,36.0,22384,809.0,0.14,0.14,0,,
449,2518,4502.0,51.0,7439,530.0,0.15,0.15,0,,
457,2526,5468.0,91.0,13402,196.0,0.14,0.14,2,rarely,
462,2531,5154.0,67.0,19665,589.0,0.22,0.22,2,no,
465,2534,,98.0,18991,1137.0,0.11,0.11,1,rarely,
468,2537,,61.0,7102,1096.0,0.18,0.18,1,frequently,False
475,2544,,,18079,1303.0,0.2,0.2,3,frequently,
480,2549,,94.0,12695,557.0,0.19,0.19,2,rarely,False
483,2552,,100.0,5982,,0.11,0.11,1,rarely,False
486,2555,10248.0,42.0,2094,477.0,0.14,0.14,1,rarely,
493,2562,,56.0,24619,1277.0,0.12,0.12,0,rarely,
494,2563,,75.0,20364,302.0,0.15,0.15,0,rarely,False
497,2566,16856.0,31.0,10084,621.0,0.11,0.11,0,rarely,
503,2572,,82.0,5083,945.0,0.13,0.13,0,frequently,
505,2574,10482.0,91.0,2326,1376.0,0.14,0.14,1,,False
509,2578,,44.0,22957,991.0,0.12,0.12,0,,
514,2583,19586.0,60.0,23037,685.0,0.21,0.21,1,rarely,False
518,2587,,74.0,5596,1277.0,0.12,0.12,1,,
524,2593,5993.0,51.0,2689,1115.0,0.18,0.18,1,,False
526,2595,3452.0,83.0,9752,1316.0,0.13,0.13,0,,
532,2601,,59.0,23848,799.0,0.17,0.17,0,rarely,
534,2603,,65.0,15701,446.0,0.12,0.12,1,rarely,
535,2604,2725.0,89.0,21630,691.0,0.11,0.11,2,rarely,
540,2609,6274.0,60.0,18686,304.0,0.22,0.22,0,,False
542,2611,,59.0,18869,950.0,0.21,0.21,0,,False
547,2616,,70.0,5829,1400.0,0.2,0.2,0,,
548,2617,3196.0,78.0,12449,1179.0,0.12,0.12,3,rarely,
549,2618,,72.0,19982,1117.0,0.13,0.13,1,,
551,2620,,53.0,9973,583.0,0.2,0.2,0,,True
553,2622,,84.0,25470,1413.0,0.14,0.14,0,,False
556,2625,5368.0,36.0,16130,530.0,0.25,0.25,1,no,True
557,2626,12936.0,82.0,24164,1093.0,0.11,0.11,0,,False
558,2627,,94.0,19479,1102.0,0.11,0.11,0,,True
559,2628,,84.0,16479,809.0,0.13,0.13,1,rarely,
561,2630,,66.0,7346,548.0,0.17,0.17,2,rarely,False
562,2631,,30.0,26278,1214.0,0.18,0.18,0,rarely,False
579,2648,,96.0,15815,797.0,0.14,0.14,2,,False
580,2649,13525.0,77.0,14864,555.0,0.14,0.14,1,frequently,
581,2650,,74.0,5242,1377.0,0.11,0.11,0,,True
588,2657,,46.0,22553,759.0,0.12,0.12,2,rarely,
590,2659,,83.0,19558,1082.0,0.11,0.11,0,,False
591,2660,,,19609,319.0,0.14,0.14,0,rarely,
595,2664,,44.0,25291,688.0,0.21,0.21,1,rarely,
596,2665,4859.0,80.0,6698,195.0,0.16,0.16,0,rarely,
597,2666,,40.0,26376,622.0,0.11,0.11,0,,
605,2674,5204.0,42.0,7790,1383.0,0.11,0.11,2,rarely,False
607,2676,,62.0,9977,231.0,0.11,0.11,1,rarely,False
610,2679,,41.0,8392,1082.0,0.11,0.11,1,,False
614,2683,4323.0,100.0,7108,528.0,0.17,0.17,0,rarely,False
618,2687,,99.0,8429,147.0,0.13,0.13,1,,False
621,2690,,72.0,12858,,0.18,0.18,0,no,True
623,2692,,57.0,17235,299.0,0.12,0.12,0,,True
626,2695,2996.0,54.0,5182,1439.0,0.15,0.15,0,,True
633,2702,,86.0,3708,401.0,0.17,0.17,1,rarely,False
635,2704,,82.0,8192,1099.0,0.11,0.11,0,rarely,False
640,2709,8853.0,87.0,24483,995.0,0.19,0.19,1,,
646,2715,,66.0,7693,492.0,0.21,0.21,0,rarely,False
653,2722,4448.0,47.0,10748,750.0,0.12,0.12,1,,
659,2728,8938.0,57.0,12227,930.0,0.11,0.11,1,,
660,2729,,73.0,8489,468.0,0.14,0.14,0,,False
661,2730,9936.0,74.0,3787,,0.19,0.19,0,no,False
671,2740,18172.0,73.0,9755,,0.19,0.19,0,,True
674,2743,,87.0,14506,1189.0,0.12,0.12,0,rarely,False
677,2746,9439.0,83.0,23402,334.0,0.16,0.16,1,rarely,
679,2748,,70.0,21728,,0.22,0.22,0,rarely,True
688,2757,,66.0,4488,1117.0,0.21,0.21,0,,False
693,2762,,57.0,13273,1124.0,0.22,0.22,3,rarely,
697,2766,,53.0,16734,1400.0,0.15,0.15,1,,
699,2768,3408.0,38.0,6705,587.0,0.13,0.13,3,rarely,False
702,2771,3755.0,48.0,17872,443.0,0.11,0.11,1,frequently,False
704,2773,,55.0,14168,1287.0,0.16,0.16,1,frequently,
707,2776,,50.0,23452,562.0,0.14,0.14,1,,
713,2782,2782.0,82.0,19905,571.0,0.13,0.13,2,rarely,True
716,2785,6288.0,45.0,4284,471.0,0.15,0.15,1,frequently,
717,2786,3424.0,65.0,21632,180.0,0.13,0.13,0,rarely,False
719,2788,4194.0,98.0,14363,141.0,0.18,0.18,0,,True
721,2790,,57.0,22650,1075.0,0.11,0.11,1,,True
722,2791,2532.0,62.0,6054,1086.0,0.14,0.14,3,rarely,False
730,2799,4107.0,35.0,13848,124.0,0.15,0.15,0,rarely,False
732,2801,,59.0,11141,192.0,0.16,0.16,2,,False
734,2803,3597.0,49.0,6409,477.0,0.22,0.22,0,,False
740,2809,,57.0,20623,,0.14,0.14,0,,False
761,2830,,42.0,23826,148.0,0.22,0.22,0,frequently,
764,2833,,62.0,17616,581.0,0.16,0.16,1,,False
765,2834,2974.0,43.0,25412,1082.0,0.17,0.17,1,rarely,False
770,2839,,82.0,5531,1181.0,0.11,0.11,1,rarely,False
772,2841,3377.0,99.0,25605,616.0,0.17,0.17,1,,
773,2842,4213.0,58.0,4992,370.0,0.15,0.15,0,rarely,
775,2844,,46.0,9125,572.0,0.13,0.13,0,rarely,False
789,2858,,42.0,13422,1037.0,0.12,0.12,0,,True
791,2860,,100.0,14369,1120.0,0.13,0.13,1,,False
793,2862,2001.0,98.0,12549,1194.0,0.14,0.14,3,,
812,2881,,30.0,16002,1142.0,0.15,0.15,1,rarely,True
821,2890,18844.0,32.0,21922,1420.0,0.21,0.21,1,no,False
824,2893,,77.0,6645,809.0,0.11,0.11,0,frequently,False
828,2897,,41.0,24835,,0.18,0.18,0,,
831,2900,,80.0,11992,1256.0,0.24,0.24,2,,False
842,2911,,60.0,9679,472.0,0.19,0.19,1,frequently,
843,2912,,99.0,16523,905.0,0.15,0.15,1,,
844,2913,2328.0,60.0,12392,1136.0,0.16,0.16,1,,
848,2917,,85.0,19757,992.0,0.14,0.14,0,,
852,2921,,,25657,818.0,0.17,0.17,0,rarely,
853,2922,,62.0,9571,515.0,0.14,0.14,0,,
855,2924,,100.0,12069,976.0,0.18,0.18,0,no,False
863,2932,,94.0,2613,1158.0,0.23,0.23,1,rarely,False
869,2938,2789.0,84.0,3909,444.0,0.11,0.11,1,frequently,
873,2942,,32.0,7747,,0.18,0.18,1,,
884,2953,,39.0,2851,895.0,0.24,0.24,0,,
885,2954,2657.0,42.0,7551,408.0,0.16,0.16,0,rarely,
887,2956,,82.0,17881,1469.0,0.11,0.11,1,rarely,False
888,2957,10965.0,31.0,12066,1261.0,0.24,0.24,0,rarely,False
898,2967,,91.0,9396,688.0,0.13,0.13,1,rarely,False
900,2969,,,10310,1490.0,0.13,0.13,0,rarely,False
902,2971,,90.0,3032,1349.0,0.22,0.22,2,rarely,False
904,2973,2546.0,71.0,18300,408.0,0.16,0.16,0,,False
905,2974,17861.0,51.0,2288,1009.0,0.13,0.13,0,,False
908,2977,,43.0,11533,988.0,0.15,0.15,3,frequently,True
920,2989,3447.0,49.0,24444,1343.0,0.11,0.11,0,,
925,2994,2045.0,54.0,15174,1115.0,0.13,0.13,0,,
929,2998,4577.0,65.0,24785,693.0,0.14,0.14,0,rarely,False
936,3005,,86.0,22929,804.0,0.2,0.2,0,,
937,3006,2297.0,83.0,17967,1090.0,0.14,0.14,2,,False
939,3008,,79.0,19630,310.0,0.18,0.18,0,rarely,
940,3009,,78.0,21199,725.0,0.13,0.13,1,,True
944,3013,2572.0,72.0,20317,384.0,0.16,0.16,1,rarely,False
946,3015,6500.0,93.0,13305,1111.0,0.17,0.17,1,,False
949,3018,,40.0,13301,1258.0,0.13,0.13,0,rarely,False
950,3019,4382.0,,16374,890.0,0.17,0.17,0,,False
951,3020,,36.0,25527,1041.0,0.13,0.13,1,rarely,
956,3025,10934.0,78.0,20715,661.0,0.18,0.18,1,,True
961,3030,3580.0,36.0,10554,1418.0,0.16,0.16,1,rarely,False
969,3038,,34.0,10022,617.0,0.19,0.19,1,rarely,True
971,3040,2404.0,70.0,4303,1122.0,0.21,0.21,0,,
973,3042,,65.0,23293,188.0,0.18,0.18,0,rarely,
978,3047,,48.0,11539,138.0,0.11,0.11,0,rarely,
979,3048,4377.0,41.0,24117,1206.0,0.15,0.15,2,,False
983,3052,,42.0,23371,549.0,0.14,0.14,0,rarely,
989,3058,2821.0,44.0,2997,1186.0,0.16,0.16,1,frequently,False
1002,3071,,54.0,18500,1182.0,0.11,0.11,1,,
1009,3078,,92.0,18575,718.0,0.13,0.13,1,,False
1011,3080,,87.0,12828,805.0,0.12,0.12,0,rarely,
1012,3081,,30.0,9490,1421.0,0.22,0.22,1,frequently,False
1015,3084,,78.0,13755,1212.0,0.11,0.11,1,,
1016,3085,3760.0,97.0,5598,1010.0,0.15,0.15,3,,False
1017,3086,,45.0,25308,,0.2,0.2,0,frequently,
1018,3087,4538.0,86.0,6039,131.0,0.12,0.12,0,rarely,
1021,3090,3867.0,52.0,14222,193.0,0.12,0.12,1,frequently,
1025,3094,3904.0,93.0,22154,,0.13,0.13,0,,
1031,3100,,74.0,8532,458.0,0.16,0.16,1,no,False
1034,3103,,82.0,24439,,0.16,0.16,0,rarely,False
1037,3106,,57.0,15748,693.0,0.11,0.11,3,,False
1039,3108,10596.0,52.0,15395,541.0,0.11,0.11,0,,
1042,3111,,93.0,12477,1372.0,0.11,0.11,0,rarely,False
1049,3118,16422.0,93.0,8847,182.0,0.11,0.11,0,,False
1054,3123,,96.0,24609,1398.0,0.18,0.18,0,rarely,False
1062,3131,,86.0,19719,1193.0,0.18,0.18,0,frequently,
1063,3132,,30.0,16143,1229.0,0.16,0.16,0,rarely,
1070,3139,,70.0,17001,1157.0,0.21,0.21,0,rarely,True
1081,3150,,85.0,10293,457.0,0.14,0.14,0,no,
1083,3152,,54.0,21602,715.0,0.13,0.13,0,frequently,
1084,3153,,76.0,12421,559.0,0.12,0.12,2,rarely,True
1086,3155,,,5220,1176.0,0.11,0.11,1,,False
1087,3156,,81.0,3140,711.0,0.13,0.13,0,,False
1093,3162,2166.0,,3339,1329.0,0.14,0.14,0,rarely,True
1094,3163,,42.0,23413,469.0,0.11,0.11,0,,False
1101,3170,15972.0,47.0,21086,1225.0,0.14,0.14,3,rarely,
1102,3171,,54.0,21082,727.0,0.11,0.11,0,rarely,False
1107,3176,2305.0,62.0,6217,390.0,0.15,0.15,3,,False
1108,3177,3433.0,,17360,585.0,0.13,0.13,1,frequently,
1111,3180,3907.0,91.0,3622,506.0,0.13,0.13,3,rarely,False
1115,3184,,,9732,600.0,0.11,0.11,1,frequently,False
1116,3185,,51.0,20943,1003.0,0.19,0.19,1,,False
1118,3187,2760.0,,14630,428.0,0.13,0.13,0,rarely,
1120,3189,,60.0,22308,661.0,0.2,0.2,3,,True
1121,3190,,32.0,25353,511.0,0.12,0.12,0,rarely,False
1122,3191,13116.0,53.0,22984,942.0,0.11,0.11,0,rarely,False
1134,3203,,82.0,26186,414.0,0.12,0.12,0,rarely,True
1135,3204,3902.0,41.0,5141,,0.14,0.14,3,rarely,
1142,3211,,86.0,20115,1079.0,0.11,0.11,1,,True
1143,3212,8103.0,75.0,16495,735.0,0.12,0.12,0,,True
1144,3213,3978.0,62.0,16031,471.0,0.12,0.12,1,rarely,False
1147,3216,,71.0,14293,1206.0,0.19,0.19,2,rarely,False
1149,3218,10448.0,66.0,5843,1168.0,0.13,0.13,0,,True
1158,3227,2269.0,68.0,18024,234.0,0.14,0.14,1,,
1159,3228,,58.0,25479,501.0,0.11,0.11,0,rarely,
1160,3229,,97.0,9192,688.0,0.13,0.13,3,,False
1164,3233,,80.0,24594,1199.0,0.14,0.14,2,frequently,
1177,3246,,,26062,1311.0,0.2,0.2,0,,
1178,3247,,,16321,1302.0,0.18,0.18,1,rarely,
1187,3256,17159.0,94.0,5200,,0.24,0.24,1,,False
1190,3259,2318.0,76.0,17808,618.0,0.19,0.19,0,rarely,
1193,3262,,84.0,18203,1404.0,0.15,0.15,1,frequently,False
1195,3264,,75.0,12278,216.0,0.11,0.11,1,,False
1199,3268,,39.0,22088,773.0,0.14,0.14,1,frequently,True
1200,3269,,79.0,22955,1485.0,0.11,0.11,0,,
1204,3273,,84.0,11591,107.0,0.12,0.12,1,,False
1205,3274,,96.0,6148,504.0,0.25,0.25,0,,
1209,3278,,68.0,8045,896.0,0.14,0.14,1,rarely,False
1223,3292,6667.0,,16542,1146.0,0.18,0.18,1,,False
1224,3293,,32.0,18779,1404.0,0.12,0.12,1,,False
1228,3297,,67.0,13335,1358.0,0.22,0.22,1,rarely,
1229,3298,,96.0,7324,1123.0,0.13,0.13,2,,True
1233,3302,,61.0,3020,813.0,0.16,0.16,1,rarely,True
1237,3306,3022.0,73.0,10227,,0.21,0.21,0,,False
1238,3307,,36.0,4892,1229.0,0.19,0.19,0,,False
1242,3311,9724.0,59.0,18787,1339.0,0.17,0.17,1,,False
1243,3312,3388.0,,21777,318.0,0.17,0.17,1,,
1245,3314,,52.0,15067,193.0,0.14,0.14,0,rarely,True
1248,3317,,71.0,15178,827.0,0.13,0.13,0,rarely,False
1252,3321,4505.0,45.0,15000,1031.0,0.15,0.15,1,,
1259,3328,,100.0,20989,602.0,0.21,0.21,0,frequently,False
1261,3330,,50.0,15497,556.0,0.13,0.13,0,rarely,True
1264,3333,13591.0,75.0,14674,896.0,0.18,0.18,0,,True
1268,3337,19202.0,70.0,15970,252.0,0.11,0.11,1,,
1270,3339,2723.0,96.0,23231,833.0,0.11,0.11,0,,False
1272,3341,6644.0,78.0,3687,1210.0,0.19,0.19,2,rarely,False
1274,3343,5605.0,44.0,19191,322.0,0.24,0.24,1,rarely,True
1277,3346,1420.0,54.0,25233,,0.13,0.13,0,,False
1279,3348,1200.0,69.0,9724,812.0,0.12,0.12,0,,False
1281,3350,9985.0,43.0,9262,1001.0,0.16,0.16,1,rarely,False
1282,3351,,99.0,25751,1309.0,0.19,0.19,0,frequently,False
1294,3363,3448.0,78.0,13436,555.0,0.22,0.22,1,rarely,False
1295,3364,4558.0,79.0,13535,1300.0,0.12,0.12,1,rarely,
1299,3368,5070.0,65.0,7389,983.0,0.13,0.13,3,rarely,
1300,3369,3780.0,42.0,23428,548.0,0.11,0.11,0,rarely,
1301,3370,9824.0,66.0,22908,534.0,0.12,0.12,0,frequently,False
1304,3373,,45.0,4267,775.0,0.12,0.12,2,,
1306,3375,,76.0,22174,1495.0,0.19,0.19,1,,False
1313,3382,,39.0,20431,1216.0,0.12,0.12,0,,
1314,3383,2083.0,71.0,22653,160.0,0.2,0.2,1,,False
1321,3390,,61.0,4761,1225.0,0.11,0.11,1,,False
1330,3399,,50.0,16571,443.0,0.11,0.11,3,,
1331,3400,,66.0,24558,342.0,0.19,0.19,2,,
1332,3401,2314.0,61.0,9148,300.0,0.12,0.12,1,,False
1337,3406,,55.0,23814,177.0,0.21,0.21,1,rarely,False
1346,3415,,84.0,13008,129.0,0.19,0.19,0,rarely,
1347,3416,,42.0,12291,1069.0,0.14,0.14,0,rarely,
1348,3417,2479.0,51.0,26227,289.0,0.24,0.24,0,rarely,False
1353,3422,2600.0,98.0,18275,1097.0,0.15,0.15,0,,True
1355,3424,2380.0,64.0,20165,804.0,0.18,0.18,0,rarely,False
1357,3426,,42.0,4981,,0.12,0.12,0,,True
1368,3437,,56.0,9558,188.0,0.19,0.19,0,,
1373,3442,2853.0,48.0,4223,1256.0,0.11,0.11,1,,True
1376,3445,,62.0,25440,1184.0,0.12,0.12,3,frequently,False
1377,3446,2210.0,97.0,3372,984.0,0.13,0.13,1,,
1383,3452,,89.0,21643,1320.0,0.17,0.17,0,,False
1387,3456,2372.0,78.0,5628,603.0,0.16,0.16,0,,True
1388,3457,2838.0,40.0,4257,968.0,0.14,0.14,0,frequently,
1399,3468,2404.0,76.0,16192,660.0,0.13,0.13,1,rarely,False
1401,3470,2033.0,78.0,7103,830.0,0.13,0.13,1,,
1403,3472,1563.0,72.0,12530,1423.0,0.14,0.14,1,rarely,
1409,3478,2074.0,69.0,26619,104.0,0.12,0.12,1,rarely,
1412,3481,6815.0,73.0,21447,884.0,0.13,0.13,0,rarely,False
1414,3483,,93.0,26362,1059.0,0.22,0.22,0,rarely,False
1421,3490,3306.0,87.0,26176,1495.0,0.19,0.19,1,rarely,
1422,3491,1393.0,95.0,24852,1259.0,0.12,0.12,0,rarely,False
1426,3495,2862.0,33.0,3811,793.0,0.12,0.12,1,rarely,False
1428,3497,6735.0,,12147,964.0,0.15,0.15,0,rarely,
1433,3502,,91.0,10007,590.0,0.13,0.13,1,rarely,
1436,3505,2437.0,38.0,15587,807.0,0.16,0.16,1,,True
1437,3506,,60.0,19805,478.0,0.12,0.12,3,rarely,False
1438,3507,,31.0,4567,337.0,0.13,0.13,0,,
1440,3509,4071.0,89.0,12832,1239.0,0.13,0.13,0,rarely,False
1441,3510,,95.0,5696,1128.0,0.18,0.18,2,rarely,False
1446,3515,,93.0,21143,726.0,0.17,0.17,2,,False
1449,3518,2439.0,73.0,14753,,0.24,0.24,0,,True
1452,3521,,75.0,26092,391.0,0.23,0.23,0,rarely,
1465,3534,,82.0,19655,309.0,0.14,0.14,0,rarely,False
1467,3536,19431.0,87.0,15302,105.0,0.13,0.13,0,no,
1472,3541,,42.0,6599,1413.0,0.14,0.14,1,frequently,
1473,3542,16015.0,88.0,15896,334.0,0.19,0.19,0,,
1474,3543,9613.0,48.0,10942,1132.0,0.17,0.17,3,rarely,False
1475,3544,11510.0,92.0,15682,,0.14,0.14,1,,
1476,3545,,,4345,982.0,0.11,0.11,1,,False
1488,3557,,92.0,18575,718.0,0.13,0.13,1,,False
1493,3562,5154.0,67.0,19665,589.0,0.22,0.22,2,no,
1495,3564,,98.0,18991,1137.0,0.11,0.11,1,rarely,
1510,3579,2657.0,42.0,7551,408.0,0.16,0.16,0,rarely,
1512,3581,,82.0,17881,1469.0,0.11,0.11,1,rarely,False
1513,3582,10965.0,31.0,12066,1261.0,0.24,0.24,0,rarely,False
1521,3590,,91.0,9396,688.0,0.13,0.13,1,rarely,False
1522,3591,,79.0,7501,1385.0,0.14,0.14,0,rarely,True
1531,3600,5055.0,74.0,10557,1018.0,0.16,0.16,0,,
1536,3605,,39.0,11866,144.0,0.14,0.14,2,rarely,True
1537,3606,5974.0,51.0,17001,1319.0,0.13,0.13,2,,
1542,3611,13212.0,86.0,18256,906.0,0.11,0.11,3,,False
1543,3612,,49.0,7181,1116.0,0.14,0.14,0,no,
1545,3614,4805.0,61.0,16177,561.0,0.19,0.19,1,rarely,False
1550,3619,,88.0,6729,397.0,0.15,0.15,1,,
1556,3625,11159.0,39.0,19373,1018.0,0.15,0.15,0,rarely,
1558,3627,2216.0,67.0,3872,654.0,0.13,0.13,0,,True
1564,3633,4244.0,38.0,9931,791.0,0.24,0.24,1,,False
1566,3635,2700.0,81.0,23779,,0.24,0.24,1,rarely,
1568,3637,,81.0,3698,760.0,0.2,0.2,0,,
1569,3638,2366.0,88.0,20898,,0.14,0.14,1,,
1574,3643,,41.0,17369,616.0,0.11,0.11,2,,
1577,3646,,41.0,2560,903.0,0.18,0.18,0,rarely,False
1579,3648,10845.0,75.0,24208,566.0,0.13,0.13,1,,
