,employee_number,environment_satisfaction,job_satisfaction,relationship_satisfaction,work_life_balance
0,162,1.0,3,3,3.0
1,259,3.0,3,1,3.0
2,319,3.0,4,4,
5,1900,4.0,4,2,3.0
6,81,1.0,1,4,2.0
7,387,2.0,3,3,3.0
9,999,1.0,3,2,4.0
10,1035,2.0,3,2,3.0
13,58,2.0,3,4,3.0
15,558,3.0,3,4,3.0
16,825,4.0,2,4,3.0
20,1712,3.0,3,4,2.0
21,73,1.0,4,3,3.0
23,820,3.0,4,3,2.0
27,1294,3.0,2,4,3.0
29,1774,4.0,3,3,3.0
30,1815,,3,4,4.0
31,1993,1.0,3,2,3.0
32,32,3.0,3,4,2.0
33,100,3.0,1,2,3.0
35,244,2.0,1,3,3.0
36,327,4.0,4,3,3.0
37,373,4.0,4,3,3.0
39,729,4.0,1,3,3.0
40,830,3.0,3,3,3.0
42,981,3.0,3,3,4.0
43,1042,3.0,1,3,3.0
44,1080,4.0,1,1,3.0
45,1995,4.0,2,1,
46,145,1.0,1,3,2.0
47,158,3.0,4,4,4.0
48,391,4.0,4,2,3.0
49,436,3.0,2,4,3.0
51,1527,3.0,2,4,4.0
53,1866,1.0,3,4,3.0
54,2026,3.0,3,1,2.0
56,107,2.0,4,4,3.0
57,170,3.0,1,3,2.0
59,215,3.0,4,1,2.0
60,304,4.0,2,4,4.0
61,529,2.0,3,1,3.0
62,691,2.0,4,2,3.0
63,692,3.0,4,3,1.0
64,1005,4.0,3,4,3.0
65,1024,3.0,3,2,3.0
66,1039,4.0,4,3,3.0
67,1225,4.0,4,2,3.0
68,1375,,3,2,3.0
72,1661,3.0,3,2,3.0
73,1668,4.0,4,4,
74,1698,2.0,2,4,
76,1937,4.0,2,3,3.0
77,2017,3.0,4,1,3.0
78,117,3.0,4,1,3.0
79,131,4.0,3,3,2.0
80,153,3.0,1,4,3.0
82,307,1.0,3,3,2.0
84,374,4.0,1,3,3.0
89,524,2.0,1,2,1.0
90,569,,3,2,3.0
91,899,4.0,2,1,3.0
93,1014,3.0,3,3,2.0
95,1117,2.0,3,4,3.0
96,1238,1.0,4,2,3.0
98,1277,1.0,2,1,3.0
100,1541,2.0,3,2,3.0
101,1666,3.0,3,1,3.0
102,1696,2.0,4,3,
103,1805,1.0,2,4,3.0
105,1932,3.0,4,2,3.0
106,2016,,4,3,3.0
107,20,2.0,1,3,3.0
109,184,3.0,4,4,1.0
110,206,2.0,2,3,
111,228,2.0,4,3,3.0
112,239,3.0,1,3,3.0
113,256,4.0,3,3,2.0
115,339,,1,2,3.0
116,406,3.0,2,3,2.0
118,429,3.0,1,4,3.0
120,444,3.0,4,1,3.0
121,452,4.0,4,1,3.0
122,456,4.0,3,3,3.0
124,481,1.0,4,1,3.0
125,513,2.0,3,2,3.0
126,597,1.0,2,4,3.0
127,600,2.0,3,3,3.0
129,630,4.0,1,2,3.0
130,638,4.0,3,3,3.0
131,683,2.0,4,4,2.0
132,780,4.0,4,3,2.0
133,817,3.0,3,4,4.0
134,901,4.0,4,3,3.0
135,944,1.0,2,3,2.0
136,984,,4,2,3.0
137,1088,3.0,3,1,2.0
138,1124,1.0,3,4,3.0
140,1167,,1,2,2.0
141,1184,4.0,1,3,3.0
144,1252,3.0,1,2,3.0
145,1267,2.0,2,3,3.0
146,1278,4.0,2,4,3.0
147,1288,3.0,1,4,2.0
149,1307,3.0,2,4,3.0
150,1336,4.0,3,4,3.0
151,1352,3.0,2,2,3.0
152,1360,,1,4,2.0
154,1419,2.0,1,1,2.0
155,1478,4.0,1,4,3.0
156,1480,1.0,4,3,3.0
158,1489,1.0,2,3,4.0
159,1520,2.0,4,1,3.0
160,1535,4.0,3,4,3.0
161,1586,2.0,1,4,
162,1596,2.0,3,4,2.0
163,1667,4.0,4,1,4.0
164,1701,2.0,4,2,3.0
165,1706,4.0,4,1,3.0
168,1971,1.0,3,2,3.0
170,1976,4.0,3,4,3.0
171,1985,4.0,3,1,4.0
172,2032,4.0,3,4,1.0
173,2056,,4,1,2.0
176,57,3.0,4,4,
178,78,1.0,4,2,3.0
179,104,4.0,4,3,
180,118,3.0,4,4,3.0
181,121,3.0,2,2,2.0
182,125,2.0,3,1,3.0
184,207,2.0,4,4,3.0
185,227,1.0,3,1,3.0
186,253,4.0,3,2,3.0
187,264,1.0,4,4,3.0
188,291,4.0,4,3,2.0
189,292,3.0,3,3,3.0
190,306,2.0,4,3,3.0
192,335,1.0,4,1,3.0
194,420,4.0,3,3,2.0
195,421,1.0,2,3,3.0
196,441,4.0,4,4,3.0
197,531,2.0,3,3,3.0
198,549,1.0,1,4,1.0
199,567,3.0,1,3,3.0
200,581,3.0,2,4,4.0
201,702,1.0,1,1,3.0
202,716,4.0,3,3,3.0
203,772,1.0,4,4,3.0
204,836,2.0,2,4,2.0
205,840,3.0,4,1,4.0
206,844,3.0,4,2,3.0
208,867,3.0,4,3,3.0
209,889,2.0,2,4,3.0
210,924,3.0,4,1,2.0
213,976,4.0,4,2,
214,992,4.0,3,4,3.0
215,1002,4.0,1,3,3.0
216,1073,4.0,4,2,2.0
217,1138,4.0,2,2,3.0
219,1192,2.0,4,1,3.0
220,1196,4.0,4,2,2.0
223,1315,3.0,4,1,3.0
224,1324,4.0,3,1,2.0
225,1334,3.0,3,4,2.0
226,1346,3.0,4,3,3.0
227,1356,3.0,1,4,4.0
228,1423,4.0,1,3,3.0
229,1459,3.0,2,1,3.0
231,1472,4.0,2,2,2.0
232,1485,2.0,1,4,2.0
234,1543,1.0,4,1,3.0
235,1547,4.0,4,3,1.0
236,1553,1.0,2,1,3.0
237,1562,2.0,1,4,3.0
238,1582,3.0,2,4,3.0
239,1606,2.0,3,3,3.0
241,1658,4.0,2,3,3.0
242,1665,2.0,3,3,3.0
244,1737,4.0,4,4,3.0
247,1790,4.0,1,4,3.0
249,1823,2.0,3,3,3.0
251,1857,4.0,4,3,2.0
252,1864,2.0,3,4,3.0
253,1881,2.0,3,1,3.0
254,1888,2.0,4,4,2.0
255,1950,1.0,4,1,2.0
257,1962,3.0,4,4,3.0
258,1975,2.0,1,1,3.0
259,1986,2.0,2,3,3.0
261,2000,3.0,2,1,1.0
263,2,3.0,2,4,3.0
264,5,,3,3,3.0
268,35,3.0,2,4,3.0
269,76,4.0,4,4,2.0
270,98,3.0,4,4,3.0
271,120,3.0,4,4,1.0
272,147,1.0,3,4,
273,154,2.0,4,3,3.0
274,159,1.0,3,3,2.0
275,160,,2,1,4.0
276,163,2.0,3,2,2.0
277,176,3.0,3,3,3.0
278,177,3.0,3,4,3.0
279,195,4.0,4,4,4.0
280,202,2.0,2,1,3.0
281,205,2.0,3,4,1.0
284,252,4.0,2,4,3.0
285,258,4.0,2,3,3.0
286,260,4.0,2,4,2.0
287,267,2.0,1,1,2.0
289,275,4.0,4,1,3.0
290,293,4.0,3,4,3.0
291,302,4.0,4,4,3.0
292,314,3.0,3,1,4.0
294,329,1.0,3,4,4.0
296,361,4.0,4,4,3.0
297,363,,2,2,2.0
299,376,1.0,2,4,2.0
300,381,2.0,2,2,2.0
301,388,2.0,4,1,
302,389,2.0,4,4,3.0
303,401,4.0,4,2,
304,416,2.0,4,2,2.0
305,430,3.0,4,1,3.0
306,438,4.0,4,4,3.0
308,446,2.0,4,3,2.0
309,448,3.0,3,2,4.0
310,454,2.0,1,4,2.0
311,458,2.0,2,1,3.0
314,476,3.0,3,2,3.0
315,483,4.0,3,3,3.0
316,488,1.0,2,3,3.0
317,500,3.0,4,3,2.0
320,534,2.0,1,3,3.0
323,586,4.0,3,3,3.0
324,595,2.0,4,1,3.0
326,608,2.0,3,2,
327,616,1.0,3,1,3.0
328,621,4.0,4,4,3.0
329,653,1.0,4,4,4.0
330,663,4.0,3,2,3.0
331,682,4.0,1,4,4.0
335,710,2.0,4,4,3.0
336,717,4.0,2,2,4.0
337,721,4.0,3,1,3.0
338,722,4.0,4,4,2.0
339,724,2.0,4,3,
340,725,3.0,1,4,3.0
342,728,4.0,1,4,3.0
343,733,4.0,1,3,2.0
344,734,4.0,3,2,3.0
346,742,1.0,1,1,3.0
347,747,3.0,4,4,2.0
348,762,3.0,4,3,2.0
349,783,2.0,3,1,3.0
350,789,1.0,1,2,3.0
351,793,2.0,3,1,2.0
352,803,1.0,1,4,3.0
354,809,2.0,4,2,2.0
355,823,3.0,2,1,3.0
357,842,3.0,4,3,2.0
360,913,2.0,1,4,3.0
361,927,2.0,4,3,2.0
362,941,2.0,3,2,4.0
363,956,,1,2,3.0
365,966,3.0,1,3,4.0
366,967,3.0,4,1,3.0
367,972,,2,2,2.0
369,990,1.0,4,4,3.0
371,1013,3.0,3,3,3.0
372,1015,2.0,1,3,2.0
373,1018,4.0,4,2,3.0
374,1034,3.0,2,4,3.0
376,1046,4.0,3,2,3.0
377,1050,3.0,2,1,
379,1074,3.0,1,2,4.0
380,1082,2.0,1,1,2.0
381,1097,3.0,3,4,4.0
382,1100,4.0,1,1,3.0
383,1101,,3,2,3.0
384,1106,4.0,4,2,4.0
385,1119,3.0,3,2,
387,1126,3.0,1,3,3.0
389,1128,3.0,3,1,
392,1177,1.0,4,2,3.0
393,1182,3.0,2,2,4.0
394,1201,4.0,3,2,3.0
395,1218,3.0,1,4,3.0
396,1220,2.0,3,1,2.0
398,1224,3.0,3,1,2.0
400,1235,4.0,3,4,3.0
401,1237,3.0,1,3,3.0
403,1255,3.0,4,2,3.0
404,1264,4.0,4,2,2.0
405,1283,,4,4,2.0
406,1293,4.0,4,4,4.0
407,1295,1.0,4,4,3.0
412,1322,1.0,3,1,
413,1344,4.0,4,4,2.0
414,1355,2.0,1,4,3.0
415,1362,,1,4,2.0
416,1369,4.0,4,2,3.0
418,1377,2.0,3,1,3.0
419,1402,1.0,3,1,1.0
420,1408,3.0,1,3,3.0
421,1417,3.0,1,4,3.0
422,1421,3.0,4,1,3.0
423,1422,4.0,4,4,2.0
424,1424,2.0,4,4,4.0
427,1457,1.0,4,1,4.0
428,1460,2.0,1,2,3.0
429,1484,3.0,2,2,3.0
430,1497,3.0,3,3,3.0
431,1522,1.0,1,3,1.0
432,1544,3.0,1,3,3.0
435,1572,3.0,4,2,3.0
436,1608,2.0,4,4,2.0
437,1611,3.0,1,1,3.0
438,1612,1.0,1,1,
439,1615,3.0,4,1,
441,1619,,1,1,3.0
442,1635,4.0,4,1,3.0
443,1642,1.0,4,3,3.0
444,1653,4.0,3,3,3.0
446,1691,4.0,3,3,3.0
447,1693,4.0,4,3,3.0
448,1703,3.0,4,2,3.0
450,1727,3.0,2,4,3.0
451,1728,4.0,3,2,3.0
452,1745,4.0,1,4,
453,1754,3.0,1,1,3.0
454,1756,4.0,2,4,2.0
455,1764,2.0,2,2,3.0
456,1778,2.0,4,2,3.0
458,1797,3.0,4,4,3.0
459,1804,2.0,4,3,3.0
460,1816,1.0,3,2,3.0
461,1821,4.0,2,4,4.0
463,1849,1.0,4,3,3.0
464,1869,3.0,2,3,3.0
466,1898,1.0,3,2,2.0
467,1911,3.0,1,2,4.0
469,1927,3.0,4,3,3.0
470,1934,3.0,2,3,4.0
471,1951,4.0,3,3,2.0
472,1952,3.0,1,4,
473,1965,4.0,4,1,
474,1967,1.0,4,3,3.0
476,1979,3.0,3,3,4.0
477,2008,2.0,3,2,3.0
478,2009,2.0,4,1,3.0
479,2014,1.0,4,1,3.0
481,2034,1.0,2,3,3.0
482,2035,4.0,3,4,3.0
484,2062,4.0,1,1,3.0
485,28,1.0,2,3,3.0
487,62,1.0,4,3,3.0
488,199,4.0,1,2,2.0
489,343,3.0,3,4,3.0
490,351,4.0,1,3,3.0
491,428,4.0,2,2,3.0
492,464,3.0,2,4,3.0
495,731,2.0,4,2,2.0
496,764,4.0,1,1,1.0
498,851,1.0,3,3,2.0
499,903,3.0,4,1,3.0
500,905,1.0,1,4,3.0
501,942,4.0,4,4,1.0
502,1026,4.0,4,3,3.0
504,1085,2.0,3,3,3.0
506,1109,4.0,1,4,3.0
507,1118,2.0,2,4,
508,1152,3.0,3,4,4.0
510,1350,3.0,3,2,3.0
511,1514,3.0,2,2,2.0
512,1523,4.0,1,3,4.0
513,1539,3.0,4,4,3.0
515,1588,4.0,3,1,3.0
516,1617,,1,4,2.0
517,1719,4.0,2,3,3.0
519,1870,4.0,1,4,
520,2031,1.0,3,1,2.0
521,2065,4.0,2,4,2.0
522,15,4.0,3,4,3.0
523,60,,3,3,3.0
525,85,2.0,2,3,3.0
527,346,3.0,4,1,3.0
528,384,3.0,2,1,1.0
529,498,2.0,4,4,3.0
530,551,4.0,4,4,4.0
531,604,2.0,4,3,4.0
533,626,1.0,2,4,3.0
536,644,1.0,2,3,3.0
537,649,2.0,4,4,3.0
538,714,4.0,4,2,3.0
539,781,,4,2,2.0
541,804,3.0,1,3,3.0
543,856,,1,4,2.0
544,998,3.0,2,1,3.0
545,1120,3.0,4,1,3.0
546,1143,4.0,2,4,2.0
550,1251,3.0,1,4,2.0
552,1438,1.0,4,3,2.0
554,1574,4.0,1,2,2.0
555,1671,4.0,2,3,2.0
560,94,3.0,2,4,3.0
563,112,4.0,4,1,2.0
564,129,2.0,3,2,4.0
565,142,3.0,3,4,3.0
566,161,2.0,2,1,3.0
567,164,3.0,2,3,2.0
568,190,1.0,1,1,4.0
569,194,1.0,3,3,2.0
570,226,3.0,2,2,3.0
571,231,3.0,3,1,
572,240,3.0,1,1,4.0
573,262,4.0,4,4,4.0
574,283,2.0,4,4,2.0
575,308,3.0,3,4,3.0
576,325,3.0,4,3,1.0
577,355,3.0,2,2,4.0
578,378,3.0,4,2,4.0
582,449,3.0,2,4,
583,466,4.0,2,4,3.0
584,486,3.0,1,2,3.0
585,492,,3,1,3.0
586,505,3.0,4,3,3.0
587,510,3.0,1,3,3.0
589,527,2.0,4,2,3.0
592,547,1.0,3,2,3.0
593,548,3.0,4,3,3.0
594,577,4.0,3,3,3.0
598,679,1.0,4,4,
599,785,2.0,3,4,3.0
600,861,2.0,4,2,2.0
601,864,4.0,1,3,3.0
602,878,1.0,1,3,3.0
603,895,4.0,4,2,3.0
604,900,3.0,4,2,3.0
606,936,3.0,3,1,3.0
608,997,4.0,4,3,2.0
609,1048,2.0,4,3,1.0
611,1071,1.0,3,2,3.0
612,1116,1.0,4,3,2.0
613,1132,3.0,2,3,2.0
615,1171,2.0,1,4,
616,1200,3.0,3,3,3.0
617,1202,2.0,4,1,2.0
619,1245,4.0,3,1,1.0
620,1280,4.0,2,3,3.0
622,1309,4.0,3,1,3.0
624,1374,1.0,3,3,3.0
625,1390,1.0,4,4,4.0
627,1395,,4,1,4.0
628,1397,3.0,3,2,3.0
629,1409,3.0,1,3,1.0
630,1425,1.0,2,4,3.0
631,1435,,4,3,2.0
632,1445,4.0,3,3,3.0
634,1469,4.0,1,4,3.0
636,1503,3.0,3,3,2.0
637,1534,4.0,1,2,1.0
638,1546,,4,4,3.0
639,1548,1.0,1,4,4.0
641,1598,4.0,1,3,3.0
642,1599,4.0,2,3,
643,1609,2.0,2,2,2.0
644,1638,4.0,3,4,4.0
645,1640,2.0,2,1,1.0
647,1664,,1,1,3.0
648,1684,4.0,3,1,3.0
649,1704,1.0,4,3,4.0
650,1736,4.0,4,4,2.0
651,1782,4.0,3,2,3.0
652,1826,2.0,3,2,4.0
654,1850,,4,3,2.0
655,1909,3.0,2,3,3.0
656,1924,2.0,3,2,2.0
657,1941,2.0,4,4,3.0
658,1949,1.0,2,2,3.0
662,27,3.0,1,2,
663,46,4.0,3,4,2.0
664,52,,1,1,3.0
665,68,2.0,1,3,2.0
666,79,4.0,4,4,3.0
667,80,2.0,3,4,2.0
668,91,1.0,3,4,2.0
669,119,3.0,2,4,2.0
670,126,1.0,3,1,1.0
672,148,4.0,4,3,3.0
673,150,2.0,3,3,3.0
675,198,2.0,4,4,3.0
676,216,,3,4,3.0
678,230,1.0,4,3,4.0
680,270,3.0,3,2,3.0
681,277,4.0,3,4,4.0
682,299,3.0,1,3,2.0
683,315,,4,3,
684,330,3.0,2,1,3.0
685,369,2.0,1,4,3.0
686,386,3.0,3,4,2.0
687,390,1.0,1,3,3.0
689,412,2.0,1,3,3.0
690,422,4.0,3,4,3.0
691,434,3.0,2,2,
692,450,4.0,3,4,2.0
694,469,4.0,3,1,2.0
695,491,4.0,4,4,3.0
696,554,1.0,2,2,3.0
698,579,4.0,3,3,3.0
700,592,2.0,4,4,2.0
701,599,4.0,4,4,3.0
703,641,1.0,2,4,4.0
705,655,1.0,3,3,2.0
706,667,3.0,1,2,3.0
708,758,2.0,1,4,4.0
709,760,3.0,2,3,1.0
710,791,4.0,4,1,3.0
711,796,4.0,1,3,2.0
712,799,4.0,1,2,3.0
714,815,3.0,3,4,3.0
715,827,4.0,4,4,3.0
718,865,3.0,3,3,2.0
720,894,3.0,4,2,2.0
723,983,3.0,4,2,3.0
724,996,4.0,4,4,3.0
725,1011,3.0,1,3,3.0
726,1019,2.0,1,1,2.0
727,1032,3.0,4,1,3.0
728,1045,4.0,4,2,4.0
729,1049,2.0,2,1,3.0
731,1068,1.0,3,3,3.0
733,1136,,2,1,1.0
735,1179,3.0,3,1,3.0
736,1188,1.0,3,2,2.0
737,1211,3.0,1,3,3.0
738,1228,4.0,4,3,2.0
739,1231,4.0,1,1,4.0
741,1259,1.0,3,2,
742,1338,4.0,2,1,3.0
743,1349,3.0,1,4,3.0
744,1387,3.0,1,3,3.0
745,1401,4.0,3,2,2.0
746,1407,1.0,4,4,3.0
747,1420,1.0,1,1,
748,1431,4.0,1,3,3.0
749,1446,4.0,4,3,
750,1477,4.0,1,1,3.0
751,1487,1.0,2,1,1.0
752,1499,3.0,3,1,4.0
753,1533,,3,2,3.0
754,1545,4.0,2,4,3.0
755,1554,2.0,3,1,3.0
756,1563,3.0,3,3,3.0
757,1622,2.0,1,2,2.0
758,1631,3.0,3,1,2.0
759,1646,1.0,4,3,3.0
760,1659,1.0,2,3,3.0
762,1689,2.0,4,3,3.0
763,1700,3.0,4,3,2.0
766,1739,4.0,3,3,1.0
767,1768,2.0,2,2,2.0
768,1772,3.0,1,2,3.0
769,1792,3.0,2,3,2.0
771,1800,3.0,3,3,3.0
774,1822,3.0,4,4,3.0
776,1854,3.0,3,2,2.0
777,1882,3.0,4,4,3.0
778,1885,4.0,1,3,3.0
779,1931,2.0,2,3,2.0
780,1945,2.0,1,4,1.0
781,1947,3.0,3,3,2.0
782,1954,1.0,1,1,2.0
783,1969,1.0,3,3,2.0
784,1981,,3,2,2.0
785,1997,1.0,3,4,3.0
786,1998,4.0,1,3,2.0
787,1999,4.0,4,1,3.0
788,2018,1.0,3,2,2.0
790,2044,2.0,3,4,
792,2046,4.0,3,3,3.0
794,2052,3.0,4,4,3.0
795,2053,4.0,2,1,3.0
796,2068,2.0,3,1,4.0
797,7,1.0,2,4,3.0
798,16,1.0,3,4,2.0
799,18,2.0,4,3,3.0
800,19,3.0,3,2,3.0
801,21,1.0,2,4,2.0
802,24,4.0,4,3,3.0
803,26,1.0,3,4,2.0
804,31,2.0,1,3,3.0
805,33,2.0,1,2,3.0
806,38,2.0,1,4,2.0
807,40,4.0,4,4,4.0
808,47,1.0,3,3,3.0
809,49,4.0,4,1,3.0
810,65,3.0,3,3,2.0
811,72,,4,3,2.0
813,88,2.0,1,4,2.0
814,102,1.0,3,1,4.0
815,103,,2,4,3.0
816,110,1.0,2,3,3.0
817,116,4.0,4,2,3.0
818,128,1.0,3,1,2.0
819,132,2.0,2,3,4.0
820,133,3.0,1,4,3.0
822,143,4.0,4,3,
823,171,2.0,3,4,3.0
825,175,2.0,3,3,3.0
826,178,2.0,2,4,3.0
827,179,1.0,4,4,3.0
829,193,4.0,3,2,
830,197,4.0,1,4,3.0
832,218,4.0,2,4,1.0
833,221,3.0,4,3,1.0
834,233,3.0,2,4,2.0
835,241,3.0,1,3,
836,245,3.0,4,3,
837,246,3.0,4,3,3.0
838,247,4.0,2,4,3.0
839,249,3.0,3,4,2.0
840,250,4.0,1,3,3.0
841,269,2.0,2,4,3.0
845,287,4.0,4,4,1.0
846,288,4.0,1,3,3.0
847,297,4.0,1,3,3.0
849,303,4.0,1,4,3.0
850,305,3.0,2,4,3.0
851,316,3.0,4,2,2.0
854,332,,3,3,3.0
856,337,2.0,3,1,3.0
857,338,3.0,4,3,2.0
858,341,1.0,3,4,3.0
859,347,4.0,1,3,3.0
860,349,4.0,4,4,3.0
861,350,1.0,3,4,3.0
862,362,4.0,1,4,3.0
864,379,4.0,3,1,4.0
865,380,1.0,4,1,3.0
866,393,4.0,4,2,3.0
867,394,1.0,2,4,3.0
868,396,3.0,1,4,3.0
870,403,2.0,4,3,2.0
871,423,,4,3,3.0
872,424,1.0,1,4,3.0
874,433,,2,1,2.0
875,440,1.0,4,4,2.0
876,447,4.0,3,2,3.0
877,455,2.0,4,3,
878,460,4.0,4,3,2.0
879,465,3.0,4,3,2.0
880,470,3.0,3,3,3.0
881,475,4.0,3,2,4.0
882,478,1.0,2,3,3.0
883,482,4.0,3,3,3.0
886,495,,4,4,3.0
889,501,4.0,3,2,3.0
890,502,1.0,4,2,2.0
891,507,4.0,3,4,4.0
892,517,2.0,1,2,3.0
893,522,1.0,1,3,2.0
894,523,3.0,3,1,3.0
895,525,4.0,4,1,3.0
896,526,3.0,3,4,3.0
897,530,4.0,1,3,
899,544,1.0,4,4,2.0
901,555,4.0,3,4,2.0
903,564,2.0,3,3,3.0
906,580,3.0,4,3,3.0
907,585,4.0,2,1,3.0
909,591,2.0,3,4,
910,593,3.0,3,3,3.0
911,611,4.0,4,2,4.0
912,624,1.0,3,4,2.0
913,631,4.0,3,4,3.0
914,632,4.0,4,3,3.0
915,652,1.0,4,4,3.0
916,659,3.0,4,2,3.0
917,664,4.0,1,1,1.0
918,665,1.0,3,2,4.0
919,666,3.0,3,4,3.0
921,671,4.0,4,1,4.0
922,675,1.0,3,4,3.0
923,686,3.0,4,3,3.0
924,699,2.0,2,3,3.0
926,705,1.0,1,1,4.0
927,707,4.0,2,3,3.0
928,712,,2,4,3.0
930,732,1.0,1,4,3.0
931,738,4.0,2,4,3.0
932,744,1.0,3,3,3.0
933,746,4.0,3,4,2.0
934,752,3.0,3,4,3.0
935,754,4.0,4,3,3.0
938,769,4.0,4,4,3.0
941,792,1.0,4,1,3.0
942,797,2.0,4,3,3.0
943,800,3.0,4,2,3.0
945,806,4.0,3,3,3.0
947,813,,3,2,3.0
948,819,1.0,1,3,3.0
952,838,3.0,4,3,3.0
953,847,3.0,4,3,1.0
954,852,4.0,2,4,2.0
955,859,2.0,4,3,2.0
957,872,4.0,4,1,1.0
958,874,1.0,4,3,2.0
959,881,4.0,2,1,2.0
960,885,3.0,1,1,4.0
962,888,1.0,4,4,2.0
963,893,2.0,2,4,3.0
964,896,2.0,3,3,3.0
965,902,4.0,4,2,2.0
966,916,1.0,4,2,3.0
967,922,3.0,3,4,2.0
968,925,4.0,4,1,2.0
970,930,3.0,3,2,3.0
972,939,3.0,1,2,3.0
974,975,3.0,3,2,3.0
975,991,3.0,1,1,3.0
976,995,2.0,4,1,3.0
977,1001,,2,2,3.0
980,1010,3.0,2,4,1.0
981,1017,2.0,2,1,3.0
982,1022,1.0,3,4,3.0
984,1027,1.0,4,2,
985,1028,2.0,4,1,2.0
986,1037,2.0,1,4,3.0
987,1044,2.0,4,4,2.0
988,1053,1.0,1,2,3.0
990,1069,,4,4,3.0
991,1077,4.0,4,2,3.0
992,1084,,1,3,2.0
993,1094,1.0,3,4,
994,1096,4.0,2,2,3.0
995,1099,4.0,4,3,3.0
996,1102,1.0,3,4,2.0
997,1103,1.0,4,3,2.0
998,1108,1.0,2,2,3.0
999,1114,4.0,2,3,3.0
1000,1131,4.0,2,3,4.0
1001,1135,3.0,4,1,3.0
1003,1140,4.0,3,4,
1004,1157,1.0,1,1,3.0
1005,1160,3.0,3,3,2.0
1006,1161,3.0,4,3,3.0
1007,1162,4.0,3,3,3.0
1008,1185,4.0,4,2,4.0
1010,1195,1.0,3,3,
1013,1217,4.0,2,1,3.0
1014,1234,3.0,2,3,3.0
1019,1286,4.0,3,3,2.0
1020,1291,3.0,3,4,3.0
1022,1301,4.0,1,2,2.0
1023,1303,4.0,2,4,2.0
1024,1308,1.0,3,4,3.0
1026,1311,1.0,4,1,3.0
1027,1317,,1,2,
1028,1329,3.0,2,1,3.0
1029,1331,4.0,2,1,4.0
1030,1333,1.0,1,3,4.0
1032,1358,4.0,4,3,2.0
1033,1361,2.0,2,3,3.0
1035,1371,4.0,4,2,3.0
1036,1380,4.0,3,3,2.0
1038,1389,4.0,3,4,2.0
1040,1392,4.0,4,1,2.0
1041,1396,3.0,2,1,2.0
1043,1403,4.0,4,4,3.0
1044,1405,4.0,3,4,3.0
1045,1411,1.0,3,1,3.0
1046,1412,3.0,4,3,3.0
1047,1415,1.0,4,2,2.0
1048,1428,4.0,1,2,3.0
1050,1436,3.0,1,1,2.0
1051,1439,1.0,1,1,3.0
1052,1441,1.0,1,4,4.0
1053,1448,2.0,3,1,
1055,1464,2.0,4,3,1.0
1056,1466,3.0,1,1,3.0
1057,1467,1.0,3,4,3.0
1058,1471,3.0,3,4,3.0
1059,1473,1.0,3,2,2.0
1060,1475,4.0,2,3,2.0
1061,1486,1.0,3,4,4.0
1064,1507,3.0,1,4,3.0
1065,1509,,1,1,3.0
1066,1513,4.0,2,3,3.0
1067,1516,3.0,4,2,4.0
1068,1537,4.0,3,1,
1069,1552,4.0,4,3,3.0
1071,1560,1.0,1,4,1.0
1072,1568,,2,2,3.0
1073,1573,3.0,2,1,3.0
1074,1576,3.0,1,4,2.0
1075,1580,2.0,4,2,2.0
1076,1583,2.0,2,2,4.0
1077,1587,1.0,3,3,3.0
1078,1592,4.0,3,4,3.0
1079,1594,1.0,1,4,3.0
1080,1597,,3,2,2.0
1082,1607,2.0,4,4,3.0
1085,1623,3.0,4,3,
1088,1641,3.0,4,4,2.0
1089,1644,3.0,4,2,3.0
1090,1645,1.0,4,4,2.0
1091,1647,2.0,3,1,3.0
1092,1648,4.0,4,3,2.0
1095,1651,2.0,1,3,3.0
1096,1655,1.0,2,2,3.0
1097,1657,3.0,3,1,3.0
1098,1662,4.0,3,3,3.0
1099,1670,4.0,4,3,3.0
1100,1674,4.0,1,2,2.0
1103,1682,1.0,3,2,2.0
1104,1683,3.0,4,1,3.0
1105,1694,,2,4,3.0
1106,1702,3.0,4,2,3.0
1109,1721,2.0,3,4,4.0
1110,1722,3.0,2,2,3.0
1112,1733,2.0,1,2,3.0
1113,1735,3.0,2,3,1.0
1114,1746,,4,4,3.0
1117,1751,,4,3,2.0
1119,1753,4.0,3,4,4.0
1123,1787,2.0,2,1,3.0
1124,1801,2.0,2,3,3.0
1125,1813,1.0,3,3,2.0
1126,1814,,2,1,1.0
1127,1833,1.0,1,4,3.0
1128,1834,3.0,1,3,3.0
1129,1835,2.0,4,1,2.0
1130,1837,1.0,3,2,3.0
1131,1844,1.0,1,4,3.0
1132,1856,2.0,3,3,3.0
1133,1858,3.0,4,2,3.0
1136,1873,2.0,4,2,4.0
1137,1883,4.0,1,2,3.0
1138,1886,,2,4,3.0
1139,1905,4.0,1,2,3.0
1140,1907,1.0,4,4,3.0
1141,1908,3.0,2,3,1.0
1145,1922,2.0,3,3,3.0
1146,1929,1.0,3,3,3.0
1148,1948,3.0,1,4,
1150,1972,4.0,2,2,3.0
1151,1980,3.0,1,4,3.0
1152,1982,4.0,4,3,4.0
1153,1992,4.0,3,3,2.0
1154,1996,1.0,3,3,3.0
1155,2003,4.0,3,3,3.0
1156,2007,4.0,3,4,4.0
1157,2010,3.0,2,3,3.0
1161,2027,,4,2,4.0
1162,2038,4.0,1,4,3.0
1163,2048,3.0,3,4,3.0
1165,2055,4.0,1,2,3.0
1166,2060,4.0,3,4,3.0
1167,2061,3.0,4,3,3.0
1168,2064,2.0,2,2,3.0
1169,39,3.0,4,4,3.0
1170,51,2.0,1,4,4.0
1171,95,3.0,2,2,3.0
1172,169,3.0,4,3,3.0
1173,224,3.0,3,4,2.0
1174,242,3.0,4,1,
1175,286,2.0,4,1,3.0
1176,340,,1,1,2.0
1179,431,,3,4,3.0
1180,496,3.0,2,3,3.0
1181,511,1.0,2,4,3.0
1182,612,1.0,3,3,3.0
1183,650,2.0,1,3,1.0
1184,684,1.0,1,4,3.0
1185,730,3.0,3,3,3.0
1186,757,2.0,3,4,3.0
1188,869,2.0,4,4,3.0
1189,875,2.0,4,4,3.0
1191,964,4.0,2,4,
1192,970,1.0,3,3,1.0
1194,1006,3.0,3,2,2.0
1196,1055,3.0,3,4,3.0
1197,1061,,3,4,2.0
1198,1107,1.0,3,3,2.0
1201,1180,,4,4,1.0
1202,1193,3.0,1,3,3.0
1203,1226,3.0,4,4,3.0
1206,1254,3.0,4,4,3.0
1207,1321,2.0,1,4,3.0
1208,1465,2.0,4,4,4.0
1210,1479,4.0,3,3,2.0
1211,1551,3.0,1,2,3.0
1212,1555,4.0,2,1,3.0
1213,1604,3.0,2,3,3.0
1214,1757,4.0,4,3,4.0
1215,1760,3.0,2,2,2.0
1216,1789,3.0,4,3,3.0
1217,1807,4.0,1,3,2.0
1218,1812,3.0,4,4,3.0
1219,1818,4.0,2,3,3.0
1220,1830,4.0,4,2,2.0
1221,1890,2.0,4,4,2.0
1222,1939,1.0,3,1,3.0
1225,1994,2.0,3,3,2.0
1226,4,4.0,3,2,3.0
1227,10,3.0,1,1,2.0
1230,30,3.0,4,4,3.0
1231,41,4.0,3,1,3.0
1232,42,,4,3,4.0
1234,53,3.0,4,3,3.0
1235,54,4.0,1,4,3.0
1236,55,1.0,3,3,2.0
1239,64,1.0,3,4,3.0
1240,70,3.0,1,3,3.0
1241,84,4.0,3,3,3.0
1244,97,2.0,4,2,3.0
1246,106,1.0,4,4,3.0
1247,113,3.0,1,3,3.0
1249,137,4.0,4,2,3.0
1250,139,3.0,4,4,4.0
1251,144,2.0,4,3,3.0
1253,155,1.0,4,1,3.0
1254,167,4.0,3,4,2.0
1255,200,3.0,1,4,3.0
1256,201,2.0,2,4,3.0
1257,211,2.0,3,3,3.0
1258,214,2.0,2,2,2.0
1260,243,2.0,4,3,2.0
1262,271,4.0,3,2,3.0
1263,282,2.0,1,2,3.0
1265,309,3.0,4,1,3.0
1266,323,4.0,4,3,2.0
1267,334,3.0,1,1,2.0
1269,342,1.0,3,2,3.0
1271,364,1.0,3,3,1.0
1273,367,2.0,4,2,3.0
1275,392,,3,4,1.0
1276,397,3.0,2,4,3.0
1278,407,3.0,4,4,3.0
1280,445,4.0,3,1,2.0
1283,468,1.0,4,2,3.0
1284,471,3.0,2,3,3.0
1285,473,1.0,3,2,1.0
1286,477,1.0,4,2,3.0
1287,479,4.0,4,2,3.0
1288,485,4.0,3,2,3.0
1289,487,3.0,3,3,4.0
1290,494,3.0,2,4,3.0
1291,508,3.0,2,1,3.0
1292,514,3.0,4,3,3.0
1293,518,3.0,2,4,2.0
1296,556,4.0,4,3,3.0
1297,566,1.0,4,3,4.0
1298,568,1.0,4,3,2.0
1302,614,2.0,2,4,3.0
1303,615,3.0,1,3,3.0
1305,622,3.0,4,2,1.0
1307,643,4.0,2,4,3.0
1308,648,2.0,1,3,4.0
1309,656,4.0,3,3,2.0
1310,657,4.0,2,4,4.0
1311,661,2.0,4,3,
1312,662,3.0,1,4,2.0
1315,690,2.0,3,1,2.0
1316,701,4.0,3,4,3.0
1317,704,,3,3,3.0
1318,715,4.0,4,1,
1319,743,3.0,3,4,
1320,749,3.0,3,3,
1322,773,4.0,3,2,1.0
1323,775,2.0,1,3,
1324,811,3.0,1,3,3.0
1325,812,3.0,2,3,3.0
1326,816,2.0,1,4,3.0
1327,832,1.0,3,4,3.0
1328,833,3.0,4,2,2.0
1329,834,2.0,3,4,3.0
1333,897,1.0,4,3,3.0
1334,904,,2,4,3.0
1335,911,1.0,4,3,1.0
1336,918,4.0,4,4,2.0
1338,923,4.0,4,1,2.0
1339,934,,2,2,3.0
1340,940,3.0,2,4,3.0
1341,945,4.0,3,1,2.0
1342,951,3.0,2,3,3.0
1343,952,3.0,2,3,3.0
1344,954,1.0,2,2,2.0
1345,959,4.0,2,2,4.0
1349,986,2.0,2,4,2.0
1350,994,4.0,1,3,3.0
1351,1003,4.0,4,3,3.0
1352,1012,2.0,4,4,3.0
1354,1029,4.0,3,2,4.0
1356,1033,1.0,2,1,1.0
1358,1052,1.0,3,2,2.0
1359,1056,4.0,2,2,3.0
1360,1076,3.0,4,3,3.0
1361,1079,3.0,1,1,2.0
1362,1081,1.0,3,3,4.0
1363,1105,4.0,4,3,3.0
1364,1111,1.0,2,1,3.0
1365,1113,4.0,3,4,3.0
1366,1115,3.0,4,4,3.0
1367,1125,4.0,2,3,3.0
1369,1156,3.0,3,4,3.0
1370,1158,2.0,4,1,
1371,1172,4.0,3,2,3.0
1372,1190,3.0,1,3,3.0
1374,1206,,3,4,3.0
1375,1210,1.0,1,1,1.0
1378,1242,1.0,1,3,3.0
1379,1256,1.0,3,3,4.0
1380,1258,4.0,2,3,2.0
1381,1260,3.0,4,2,3.0
1382,1263,4.0,4,3,4.0
1384,1269,2.0,4,4,3.0
1385,1270,4.0,3,4,3.0
1386,1273,3.0,4,4,3.0
1389,1306,2.0,2,3,3.0
1390,1364,3.0,4,2,3.0
1391,1368,4.0,4,3,4.0
1392,1379,3.0,4,3,4.0
1393,1427,2.0,3,2,3.0
1394,1433,1.0,2,3,4.0
1395,1434,2.0,1,2,4.0
1396,1458,1.0,1,2,4.0
1397,1481,1.0,3,3,2.0
1398,1482,,3,2,2.0
1400,1494,2.0,1,3,2.0
1402,1504,3.0,1,3,2.0
1404,1515,4.0,3,1,3.0
1405,1525,2.0,2,4,3.0
1406,1542,3.0,2,2,
1407,1558,3.0,3,1,2.0
1408,1564,4.0,1,2,3.0
1410,1577,,4,3,
1411,1581,1.0,4,1,3.0
1413,1591,,3,3,3.0
1415,1601,3.0,4,4,2.0
1416,1602,4.0,1,2,1.0
1417,1624,2.0,4,3,4.0
1418,1669,1.0,2,2,2.0
1419,1673,1.0,4,1,
1420,1678,4.0,3,4,3.0
1423,1697,3.0,4,3,4.0
1424,1714,4.0,3,3,3.0
1425,1724,2.0,1,2,3.0
1427,1731,3.0,2,4,1.0
1429,1744,,3,3,4.0
1430,1755,4.0,4,1,3.0
1431,1758,1.0,1,3,2.0
1432,1761,1.0,3,1,3.0
1434,1763,3.0,3,3,3.0
1435,1766,2.0,4,3,3.0
1439,1783,3.0,1,3,3.0
1442,1839,2.0,3,3,1.0
1443,1842,4.0,1,3,3.0
1444,1847,4.0,2,4,3.0
1445,1853,4.0,4,3,4.0
1447,1860,4.0,3,4,3.0
1448,1865,4.0,2,4,3.0
1450,1875,2.0,2,4,3.0
1451,1876,2.0,4,3,2.0
1453,1893,2.0,3,3,2.0
1454,1903,2.0,1,4,3.0
1455,1928,3.0,1,4,
1456,1933,4.0,3,4,3.0
1457,1935,4.0,1,3,3.0
1458,1936,1.0,1,4,3.0
1459,1938,4.0,4,3,2.0
1460,1943,2.0,4,3,3.0
1461,1944,1.0,2,1,3.0
1462,1961,1.0,1,1,2.0
1463,1966,4.0,4,2,3.0
1464,1974,4.0,4,3,3.0
1466,2012,1.0,4,3,2.0
1468,2023,4.0,1,1,
1469,2040,3.0,4,3,
1470,1541,2.0,3,2,3.0
1471,1947,3.0,3,3,2.0
1477,524,2.0,1,2,1.0
1478,569,2.0,3,2,3.0
1479,1044,2.0,4,4,2.0
1480,1069,4.0,4,4,3.0
1481,1131,4.0,2,3,4.0
1482,1135,3.0,4,1,3.0
1483,1157,1.0,1,1,3.0
1484,1160,3.0,3,3,2.0
1485,1161,3.0,4,3,3.0
1486,1162,4.0,3,3,3.0
1487,1185,4.0,4,2,4.0
1489,1778,2.0,4,2,3.0
1490,1797,3.0,4,4,3.0
1491,1816,,3,2,3.0
1492,1821,4.0,2,4,4.0
1494,1869,3.0,2,3,3.0
1496,1898,1.0,3,2,2.0
1497,1911,3.0,1,2,4.0
1498,1927,3.0,4,3,3.0
1499,423,3.0,4,3,3.0
1500,424,1.0,1,4,3.0
1501,433,3.0,2,1,2.0
1502,447,4.0,3,2,3.0
1503,455,2.0,4,3,
1504,460,4.0,4,3,2.0
1505,465,3.0,4,3,2.0
1506,470,3.0,3,3,3.0
1507,475,4.0,3,2,4.0
1508,478,1.0,2,3,3.0
1509,482,4.0,3,3,3.0
1511,495,4.0,4,4,3.0
1514,501,4.0,3,2,3.0
1515,502,1.0,4,2,2.0
1516,507,4.0,3,4,4.0
1517,517,2.0,1,2,3.0
1518,522,1.0,1,3,2.0
1519,525,4.0,4,1,3.0
1520,530,4.0,1,3,
1523,376,1.0,2,4,2.0
1524,381,2.0,2,2,2.0
1525,388,2.0,4,1,
1526,389,,4,4,3.0
1527,401,4.0,4,2,
1528,416,2.0,4,2,2.0
1529,430,3.0,4,1,3.0
1530,438,4.0,4,4,3.0
1532,446,2.0,4,3,2.0
1533,448,3.0,3,2,4.0
1534,454,2.0,1,4,2.0
1535,458,2.0,2,1,3.0
1538,476,3.0,3,2,3.0
1539,483,4.0,3,3,3.0
1540,488,1.0,2,3,3.0
1541,500,,4,3,2.0
1544,586,4.0,3,3,3.0
1546,608,2.0,3,2,
1547,621,4.0,4,4,3.0
1548,653,1.0,4,4,4.0
1549,663,4.0,3,2,3.0
1551,710,2.0,4,4,3.0
1552,717,4.0,2,2,4.0
1553,722,4.0,4,4,2.0
1554,724,2.0,4,3,
1555,725,3.0,1,4,3.0
1557,728,4.0,1,4,3.0
1559,747,,4,4,2.0
1560,762,3.0,4,3,2.0
1561,783,2.0,3,1,3.0
1562,789,1.0,1,2,3.0
1563,803,1.0,1,4,3.0
1565,823,3.0,2,1,3.0
1567,842,3.0,4,3,2.0
1570,913,2.0,1,4,3.0
1571,927,2.0,4,3,2.0
1572,941,2.0,3,2,4.0
1573,956,3.0,1,2,3.0
1575,966,3.0,1,3,4.0
1576,972,3.0,2,2,2.0
1578,990,1.0,4,4,3.0
3,2072,1.0,3,2,
4,2073,1.0,1,4,3.0
8,2077,2.0,1,2,3.0
11,2080,4.0,2,1,3.0
12,2081,2.0,3,1,3.0
14,2083,3.0,2,4,3.0
17,2086,3.0,1,1,3.0
18,2087,2.0,1,4,3.0
19,2088,1.0,3,4,
22,2091,3.0,3,2,3.0
24,2093,,4,4,
25,2094,4.0,3,2,3.0
26,2095,1.0,4,4,3.0
28,2097,2.0,3,2,3.0
34,2103,1.0,3,3,3.0
38,2107,3.0,1,4,4.0
41,2110,,1,3,3.0
50,2119,4.0,1,2,3.0
52,2121,4.0,1,3,
55,2124,4.0,4,1,2.0
58,2127,4.0,3,3,4.0
69,2138,3.0,4,4,4.0
70,2139,3.0,3,4,3.0
71,2140,4.0,1,3,3.0
75,2144,3.0,2,3,3.0
81,2150,4.0,4,4,2.0
83,2152,2.0,4,4,3.0
85,2154,4.0,2,2,3.0
86,2155,3.0,4,1,2.0
87,2156,3.0,4,2,3.0
88,2157,1.0,2,3,
92,2161,3.0,3,3,
94,2163,1.0,4,4,3.0
97,2166,3.0,2,3,2.0
99,2168,,2,1,2.0
104,2173,4.0,2,4,3.0
108,2177,3.0,1,3,2.0
114,2183,2.0,2,4,1.0
117,2186,1.0,1,1,3.0
119,2188,3.0,3,1,3.0
123,2192,3.0,4,3,2.0
128,2197,4.0,1,4,2.0
139,2208,1.0,4,1,3.0
142,2211,4.0,2,1,3.0
143,2212,4.0,4,1,3.0
148,2217,3.0,2,4,4.0
153,2222,4.0,4,3,3.0
157,2226,2.0,3,1,2.0
166,2235,2.0,2,4,2.0
167,2236,,3,1,3.0
169,2238,3.0,2,1,3.0
174,2243,1.0,4,3,3.0
175,2244,4.0,3,4,3.0
177,2246,2.0,1,4,2.0
183,2252,3.0,2,1,3.0
191,2260,1.0,4,3,3.0
193,2262,2.0,2,3,3.0
207,2276,1.0,1,1,3.0
211,2280,4.0,3,4,2.0
212,2281,3.0,3,3,3.0
218,2287,4.0,1,1,1.0
221,2290,4.0,3,4,3.0
222,2291,3.0,2,3,4.0
230,2299,4.0,2,3,3.0
233,2302,4.0,2,4,1.0
240,2309,3.0,3,4,
243,2312,4.0,3,2,3.0
245,2314,2.0,2,2,2.0
246,2315,4.0,2,4,2.0
248,2317,4.0,1,2,3.0
250,2319,4.0,4,2,4.0
256,2325,4.0,1,2,3.0
260,2329,4.0,2,3,2.0
262,2331,1.0,4,2,
265,2334,4.0,4,3,2.0
266,2335,4.0,3,2,3.0
267,2336,3.0,3,2,2.0
282,2351,4.0,3,1,3.0
283,2352,4.0,2,3,2.0
288,2357,4.0,4,1,1.0
293,2362,1.0,1,1,4.0
295,2364,1.0,3,4,3.0
298,2367,3.0,4,2,3.0
307,2376,1.0,4,3,2.0
312,2381,4.0,2,1,3.0
313,2382,3.0,1,1,3.0
318,2387,4.0,1,3,2.0
319,2388,3.0,1,4,2.0
321,2390,3.0,3,3,2.0
322,2391,3.0,4,3,2.0
325,2394,4.0,2,2,4.0
332,2401,3.0,3,3,3.0
333,2402,3.0,2,3,4.0
334,2403,4.0,4,1,3.0
341,2410,3.0,4,4,3.0
345,2414,,2,4,3.0
353,2422,,2,4,3.0
356,2425,3.0,3,3,3.0
358,2427,2.0,2,1,3.0
359,2428,3.0,3,1,3.0
364,2433,4.0,4,3,1.0
368,2437,1.0,3,4,3.0
370,2439,4.0,3,2,3.0
375,2444,4.0,3,1,3.0
378,2447,3.0,1,2,2.0
386,2455,,2,2,2.0
388,2457,1.0,4,4,3.0
390,2459,2.0,4,3,2.0
391,2460,2.0,3,3,2.0
397,2466,3.0,3,3,3.0
399,2468,,4,2,3.0
402,2471,1.0,1,4,2.0
408,2477,2.0,3,1,3.0
409,2478,3.0,4,3,4.0
410,2479,4.0,3,1,3.0
411,2480,2.0,2,3,2.0
417,2486,1.0,3,3,2.0
425,2494,3.0,3,3,
426,2495,1.0,4,1,3.0
433,2502,3.0,4,4,3.0
434,2503,3.0,3,3,
440,2509,2.0,1,4,3.0
445,2514,3.0,3,1,3.0
449,2518,3.0,4,3,2.0
457,2526,1.0,4,1,3.0
462,2531,3.0,3,2,4.0
465,2534,1.0,1,1,
468,2537,3.0,4,1,3.0
475,2544,4.0,3,3,3.0
480,2549,,4,3,3.0
483,2552,1.0,4,3,3.0
486,2555,1.0,4,4,3.0
493,2562,2.0,3,4,4.0
494,2563,2.0,3,3,3.0
497,2566,3.0,1,1,4.0
503,2572,4.0,1,3,3.0
505,2574,2.0,1,4,3.0
509,2578,4.0,1,3,4.0
514,2583,3.0,4,3,3.0
518,2587,3.0,4,2,2.0
524,2593,1.0,3,3,
526,2595,3.0,4,2,2.0
532,2601,,4,4,4.0
534,2603,2.0,2,2,2.0
535,2604,2.0,4,2,3.0
540,2609,4.0,4,3,3.0
542,2611,3.0,3,2,4.0
547,2616,2.0,3,1,2.0
548,2617,4.0,1,3,3.0
549,2618,1.0,4,4,3.0
551,2620,3.0,4,2,2.0
553,2622,3.0,3,1,1.0
556,2625,3.0,4,3,3.0
557,2626,3.0,3,3,1.0
558,2627,2.0,4,1,1.0
559,2628,1.0,2,3,3.0
561,2630,2.0,2,2,3.0
562,2631,2.0,3,1,3.0
579,2648,1.0,2,1,2.0
580,2649,3.0,2,4,
581,2650,4.0,3,1,3.0
588,2657,4.0,2,3,3.0
590,2659,2.0,3,2,3.0
591,2660,4.0,3,3,3.0
595,2664,3.0,4,3,2.0
596,2665,1.0,3,4,3.0
597,2666,2.0,3,3,3.0
605,2674,4.0,4,3,3.0
607,2676,3.0,3,1,4.0
610,2679,3.0,3,2,3.0
614,2683,3.0,3,2,1.0
618,2687,2.0,3,4,3.0
621,2690,3.0,3,3,3.0
623,2692,4.0,2,3,3.0
626,2695,3.0,3,4,3.0
633,2702,4.0,2,1,2.0
635,2704,1.0,2,4,3.0
640,2709,1.0,4,4,4.0
646,2715,4.0,2,3,3.0
653,2722,2.0,1,2,3.0
659,2728,3.0,2,3,3.0
660,2729,,1,2,1.0
661,2730,2.0,1,2,3.0
671,2740,1.0,2,1,2.0
674,2743,3.0,4,1,3.0
677,2746,3.0,4,2,1.0
679,2748,2.0,2,4,2.0
688,2757,4.0,4,4,3.0
693,2762,,4,3,2.0
697,2766,,4,3,1.0
699,2768,1.0,4,1,3.0
702,2771,3.0,3,1,3.0
704,2773,1.0,3,4,3.0
707,2776,2.0,3,1,3.0
713,2782,4.0,1,2,2.0
716,2785,1.0,1,3,2.0
717,2786,1.0,1,3,2.0
719,2788,3.0,1,4,3.0
721,2790,4.0,2,3,4.0
722,2791,1.0,4,3,3.0
730,2799,4.0,2,1,2.0
732,2801,1.0,1,1,3.0
734,2803,4.0,2,4,3.0
740,2809,3.0,4,2,3.0
761,2830,4.0,2,2,3.0
764,2833,3.0,3,4,3.0
765,2834,4.0,3,3,3.0
770,2839,3.0,4,3,4.0
772,2841,3.0,1,4,2.0
773,2842,4.0,1,2,
775,2844,3.0,4,1,3.0
789,2858,2.0,4,3,3.0
791,2860,2.0,4,1,2.0
793,2862,3.0,3,2,3.0
812,2881,3.0,1,3,3.0
821,2890,3.0,4,4,3.0
824,2893,3.0,4,4,
828,2897,1.0,3,4,3.0
831,2900,,4,1,3.0
842,2911,3.0,1,3,3.0
843,2912,3.0,4,3,4.0
844,2913,,2,1,2.0
848,2917,3.0,3,4,2.0
852,2921,2.0,3,4,2.0
853,2922,4.0,3,4,1.0
855,2924,3.0,4,1,3.0
863,2932,4.0,4,4,
869,2938,4.0,2,3,2.0
873,2942,3.0,4,2,1.0
884,2953,1.0,4,3,2.0
885,2954,3.0,2,4,3.0
887,2956,4.0,2,2,3.0
888,2957,2.0,3,3,3.0
898,2967,1.0,1,3,
900,2969,4.0,4,4,1.0
902,2971,1.0,4,2,1.0
904,2973,3.0,2,2,4.0
905,2974,1.0,3,3,1.0
908,2977,2.0,1,3,3.0
920,2989,3.0,3,3,3.0
925,2994,1.0,4,4,3.0
929,2998,1.0,3,1,3.0
936,3005,4.0,4,4,2.0
937,3006,4.0,2,4,3.0
939,3008,1.0,3,4,3.0
940,3009,4.0,1,4,3.0
944,3013,1.0,4,2,2.0
946,3015,3.0,1,2,3.0
949,3018,,3,3,3.0
950,3019,3.0,3,4,2.0
951,3020,3.0,2,2,3.0
956,3025,1.0,4,4,3.0
961,3030,3.0,1,2,3.0
969,3038,2.0,3,1,4.0
971,3040,4.0,1,4,1.0
973,3042,2.0,4,3,3.0
978,3047,1.0,3,2,
979,3048,4.0,3,2,3.0
983,3052,4.0,3,2,3.0
989,3058,3.0,3,1,3.0
1002,3071,4.0,4,4,3.0
1009,3078,4.0,1,4,3.0
1011,3080,1.0,3,1,2.0
1012,3081,4.0,1,3,
1015,3084,3.0,4,2,2.0
1016,3085,1.0,4,1,
1017,3086,1.0,3,3,1.0
1018,3087,3.0,1,4,3.0
1021,3090,4.0,4,2,3.0
1025,3094,3.0,1,1,3.0
1031,3100,3.0,3,2,3.0
1034,3103,4.0,2,2,2.0
1037,3106,4.0,3,4,3.0
1039,3108,2.0,2,2,3.0
1042,3111,1.0,3,2,2.0
1049,3118,1.0,2,3,4.0
1054,3123,4.0,2,4,3.0
1062,3131,2.0,3,2,2.0
1063,3132,4.0,3,2,3.0
1070,3139,3.0,4,4,2.0
1081,3150,2.0,3,2,2.0
1083,3152,4.0,1,4,3.0
1084,3153,3.0,3,2,3.0
1086,3155,4.0,3,3,3.0
1087,3156,1.0,3,4,1.0
1093,3162,1.0,1,2,1.0
1094,3163,3.0,3,3,3.0
1101,3170,2.0,2,3,3.0
1102,3171,4.0,1,1,3.0
1107,3176,4.0,3,3,4.0
1108,3177,1.0,3,1,2.0
1111,3180,2.0,1,2,4.0
1115,3184,3.0,4,3,2.0
1116,3185,1.0,3,3,3.0
1118,3187,2.0,2,3,3.0
1120,3189,1.0,3,4,2.0
1121,3190,4.0,4,1,3.0
1122,3191,1.0,3,4,3.0
1134,3203,3.0,2,3,2.0
1135,3204,4.0,4,2,3.0
1142,3211,3.0,4,4,3.0
1143,3212,4.0,4,3,2.0
1144,3213,1.0,3,2,2.0
1147,3216,2.0,4,4,4.0
1149,3218,1.0,1,2,2.0
1158,3227,2.0,2,2,3.0
1159,3228,3.0,1,4,3.0
1160,3229,,2,2,3.0
1164,3233,3.0,3,4,4.0
1177,3246,2.0,2,3,1.0
1178,3247,,2,4,3.0
1187,3256,2.0,1,3,3.0
1190,3259,2.0,3,3,3.0
1193,3262,3.0,4,2,3.0
1195,3264,,4,4,2.0
1199,3268,3.0,3,4,3.0
1200,3269,3.0,4,4,2.0
1204,3273,2.0,2,2,4.0
1205,3274,1.0,2,2,4.0
1209,3278,3.0,3,3,4.0
1223,3292,3.0,4,2,3.0
1224,3293,3.0,4,1,2.0
1228,3297,4.0,3,2,3.0
1229,3298,4.0,4,2,2.0
1233,3302,2.0,4,1,
1237,3306,2.0,2,1,3.0
1238,3307,,4,4,3.0
1242,3311,2.0,1,3,3.0
1243,3312,4.0,3,1,2.0
1245,3314,4.0,1,2,4.0
1248,3317,4.0,1,4,3.0
1252,3321,,2,3,3.0
1259,3328,3.0,1,1,
1261,3330,2.0,3,1,3.0
1264,3333,4.0,4,3,3.0
1268,3337,3.0,4,3,3.0
1270,3339,3.0,4,2,2.0
1272,3341,1.0,2,2,
1274,3343,1.0,1,3,3.0
1277,3346,3.0,3,3,3.0
1279,3348,4.0,3,1,3.0
1281,3350,,1,1,2.0
1282,3351,2.0,3,1,3.0
1294,3363,2.0,3,2,3.0
1295,3364,3.0,1,4,
1299,3368,1.0,4,3,3.0
1300,3369,3.0,3,3,3.0
1301,3370,,3,1,3.0
1304,3373,1.0,3,1,3.0
1306,3375,3.0,3,3,
1313,3382,3.0,3,4,3.0
1314,3383,3.0,3,3,
1321,3390,4.0,1,1,4.0
1330,3399,4.0,4,3,2.0
1331,3400,4.0,3,4,3.0
1332,3401,4.0,4,2,3.0
1337,3406,1.0,2,3,4.0
1346,3415,1.0,1,2,3.0
1347,3416,2.0,4,1,3.0
1348,3417,4.0,3,1,3.0
1353,3422,4.0,1,1,3.0
1355,3424,1.0,4,2,3.0
1357,3426,2.0,4,3,3.0
1368,3437,2.0,4,1,3.0
1373,3442,3.0,4,2,3.0
1376,3445,2.0,2,4,3.0
1377,3446,4.0,2,1,1.0
1383,3452,3.0,3,4,2.0
1387,3456,2.0,2,4,3.0
1388,3457,2.0,3,2,2.0
1399,3468,4.0,3,1,3.0
1401,3470,4.0,2,3,
1403,3472,1.0,3,4,1.0
1409,3478,,1,4,3.0
1412,3481,2.0,3,1,3.0
1414,3483,4.0,4,4,3.0
1421,3490,4.0,3,4,
1422,3491,4.0,2,1,3.0
1426,3495,2.0,4,2,2.0
1428,3497,1.0,2,2,3.0
1433,3502,4.0,1,3,3.0
1436,3505,3.0,3,4,3.0
1437,3506,3.0,1,2,3.0
1438,3507,2.0,2,2,3.0
1440,3509,3.0,2,3,2.0
1441,3510,2.0,1,3,2.0
1446,3515,4.0,3,4,
1449,3518,4.0,4,2,2.0
1452,3521,4.0,2,1,3.0
1465,3534,3.0,2,3,3.0
1467,3536,4.0,4,3,2.0
1472,3541,2.0,4,4,3.0
1473,3542,4.0,2,2,3.0
1474,3543,3.0,4,1,2.0
1475,3544,3.0,4,2,3.0
1476,3545,1.0,2,3,
1488,3557,4.0,1,4,3.0
1493,3562,,3,2,4.0
1495,3564,1.0,1,1,
1510,3579,3.0,2,4,3.0
1512,3581,4.0,2,2,3.0
1513,3582,2.0,3,3,3.0
1521,3590,1.0,1,3,
1522,3591,3.0,4,2,3.0
1531,3600,1.0,4,3,2.0
1536,3605,4.0,2,1,3.0
1537,3606,3.0,1,1,3.0
1542,3611,3.0,1,4,2.0
1543,3612,3.0,4,3,2.0
1545,3614,4.0,2,2,4.0
1550,3619,3.0,2,3,4.0
1556,3625,3.0,4,4,3.0
1558,3627,1.0,2,4,3.0
1564,3633,3.0,2,4,3.0
1566,3635,3.0,3,3,3.0
1568,3637,,2,1,3.0
1569,3638,3.0,3,1,3.0
1574,3643,4.0,4,3,1.0
1577,3646,,3,4,3.0
1579,3648,4.0,3,2,3.0
